Timestep,Environment,Total_Capacity,Cognitive_Entropy,Spectral_Resilience_Psi,ESI_Delta,Mean_Interference,Active_Channels
0,CAMAE,250.4249175186314,5.999999999999908,128.57142857130165,0.0,0.0,64
1,CAMAE,250.4249175186314,5.999999999999908,128.57142857130165,0.0,0.0,64
2,CAMAE,250.4249175186314,5.999999999999908,128.57142857130165,0.0,0.0,64
3,CAMAE,250.4249175186314,5.999999999999908,128.57142857130165,0.0,0.0,64
4,CAMAE,250.4249175186314,5.999999999999908,128.57142857130165,0.0,0.0,64
5,CAMAE,250.4249175186314,5.999999999999908,128.57142857130165,0.0,0.0,64
6,CAMAE,229.23666561162003,5.984477073305458,118.63581988457844,0.015522926694449879,0.35066022591222484,56
7,CAMAE,250.4249175186314,5.999999999999908,128.57142857130165,0.015522926694449879,0.0,64
8,CAMAE,250.4249175186314,5.999999999999908,128.57142857130165,0.0,0.0,64
9,CAMAE,229.23666561162003,5.809555671257659,132.1405577753379,0.19044432874224881,1.1078231071677997,56
10,CAMAE,250.4249175186314,5.999999999999908,128.57142857130165,0.19044432874224881,0.0,64
11,CAMAE,250.4249175186314,5.999999999999908,128.57142857130165,0.0,0.0,64
12,CAMAE,250.4249175186314,5.999999999999908,128.57142857130165,0.0,0.0,64
13,CAMAE,250.4249175186314,5.999999999999908,128.57142857130165,0.0,0.0,64
14,CAMAE,250.4249175186314,5.999999999999908,128.57142857130165,0.0,0.0,64
15,CAMAE,250.4249175186314,5.999999999999908,128.57142857130165,0.0,0.0,64
16,CAMAE,250.4249175186314,5.999999999999908,128.57142857130165,0.0,0.0,64
17,CAMAE,250.4249175186314,5.999999999999908,128.57142857130165,0.0,0.0,64
18,CAMAE,250.4249175186314,5.999999999999908,128.57142857130165,0.0,0.0,64
19,CAMAE,250.4249175186314,5.999999999999908,128.57142857130165,0.0,0.0,64
20,CAMAE,250.4249175186314,5.999999999999908,128.57142857130165,0.0,0.0,64
21,CAMAE,250.4249175186314,5.999999999999908,128.57142857130165,0.0,0.0,64
22,CAMAE,250.4249175186314,5.999999999999908,128.57142857130165,0.0,0.0,64
23,CAMAE,250.4249175186314,5.999999999999908,128.57142857130165,0.0,0.0,64
24,CAMAE,250.4249175186314,5.999999999999908,128.57142857130165,0.0,0.0,64
25,CAMAE,250.4249175186314,5.999999999999908,128.57142857130165,0.0,0.0,64
26,CAMAE,229.23666561162014,5.852158651867006,130.29361009399818,0.14784134813290173,0.6466406651297143,56
27,CAMAE,250.4249175186314,5.999999999999908,128.57142857130165,0.14784134813290173,0.0,64
28,CAMAE,229.23666561162196,5.807354922057771,132.20994208526403,0.19264507794213692,4.147742696052721,56
29,CAMAE,250.4249175186314,5.999999999999908,128.57142857130165,0.19264507794213692,0.0,64
30,CAMAE,250.4249175186314,5.999999999999908,128.57142857130165,0.0,0.0,64
31,CAMAE,229.23666561162003,5.996679503568389,115.36879324601682,0.0033204964315185492,0.3145941712792958,56
32,CAMAE,250.4249175186314,5.999999999999908,128.57142857130165,0.0033204964315185492,0.0,64
33,CAMAE,250.4249175186314,5.999999999999908,128.57142857130165,0.0,0.0,64
34,CAMAE,250.4249175186314,5.999999999999908,128.57142857130165,0.0,0.0,64
35,CAMAE,250.4249175186314,5.999999999999908,128.57142857130165,0.0,0.0,64
36,CAMAE,250.4249175186314,5.999999999999908,128.57142857130165,0.0,0.0,64
37,CAMAE,250.4249175186314,5.999999999999908,128.57142857130165,0.0,0.0,64
38,CAMAE,250.4249175186314,5.999999999999908,128.57142857130165,0.0,0.0,64
39,CAMAE,250.4249175186314,5.999999999999908,128.57142857130165,0.0,0.0,64
40,CAMAE,250.4249175186314,5.999999999999908,128.57142857130165,0.0,0.0,64
41,CAMAE,250.4249175186314,5.999999999999908,128.57142857130165,0.0,0.0,64
42,CAMAE,229.23666561162003,5.818606411157061,131.8091736089991,0.1813935888428464,0.8669651086022452,56
43,CAMAE,250.4249175186314,5.999999999999908,128.57142857130165,0.1813935888428464,0.0,64
44,CAMAE,250.4249175186314,5.999999999999908,128.57142857130165,0.0,0.0,64
45,CAMAE,250.4249175186314,5.999999999999908,128.57142857130165,0.0,0.0,64
46,CAMAE,250.4249175186314,5.999999999999908,128.57142857130165,0.0,0.0,64
47,CAMAE,229.23666561162003,5.926549758687139,125.4812365032792,0.07345024131276823,0.461532062153541,56
48,CAMAE,250.4249175186314,5.999999999999908,128.57142857130165,0.07345024131276823,0.0,64
49,CAMAE,250.4249175186314,5.999999999999908,128.57142857130165,0.0,0.0,64
50,CAMAE,250.4249175186314,5.999999999999908,128.57142857130165,0.0,0.0,64
51,CAMAE,250.4249175186314,5.999999999999908,128.57142857130165,0.0,0.0,64
52,CAMAE,250.4249175186314,5.999999999999908,128.57142857130165,0.0,0.0,64
53,CAMAE,250.4249175186314,5.999999999999908,128.57142857130165,0.0,0.0,64
54,CAMAE,250.4249175186314,5.999999999999908,128.57142857130165,0.0,0.0,64
55,CAMAE,250.4249175186314,5.999999999999908,128.57142857130165,0.0,0.0,64
56,CAMAE,250.4249175186314,5.999999999999908,128.57142857130165,0.0,0.0,64
57,CAMAE,250.4249175186314,5.999999999999908,128.57142857130165,0.0,0.0,64
58,CAMAE,229.23666561162,5.819304196958051,131.78180738134117,0.18069580304185706,0.8577940748933967,56
59,CAMAE,250.4249175186314,5.999999999999908,128.57142857130165,0.18069580304185706,0.0,64
60,CAMAE,229.2366656116389,5.999162234584693,113.94987064374655,0.0008377654152145197,0.3007288174003247,56
61,CAMAE,250.4249175186314,5.999999999999908,128.57142857130165,0.0008377654152145197,0.0,64
62,CAMAE,250.4249175186314,5.999999999999908,128.57142857130165,0.0,0.0,64
63,CAMAE,250.4249175186314,5.999999999999908,128.57142857130165,0.0,0.0,64
64,CAMAE,250.4249175186314,5.999999999999908,128.57142857130165,0.0,0.0,64
65,CAMAE,250.4249175186314,5.999999999999908,128.57142857130165,0.0,0.0,64
66,CAMAE,250.4249175186314,5.999999999999908,128.57142857130165,0.0,0.0,64
67,CAMAE,250.4249175186314,5.999999999999908,128.57142857130165,0.0,0.0,64
68,CAMAE,250.4249175186314,5.999999999999908,128.57142857130165,0.0,0.0,64
69,CAMAE,229.23666561162003,5.9884020554980095,117.81802931947385,0.011597944501898105,0.34099502118196967,56
70,CAMAE,250.4249175186314,5.999999999999908,128.57142857130165,0.011597944501898105,0.0,64
71,CAMAE,250.4249175186314,5.999999999999908,128.57142857130165,0.0,0.0,64
72,CAMAE,250.4249175186314,5.999999999999908,128.57142857130165,0.0,0.0,64
73,CAMAE,250.4249175186314,5.999999999999908,128.57142857130165,0.0,0.0,64
74,CAMAE,250.4249175186314,5.999999999999908,128.57142857130165,0.0,0.0,64
75,CAMAE,250.4249175186314,5.999999999999908,128.57142857130165,0.0,0.0,64
76,CAMAE,250.4249175186314,5.999999999999908,128.57142857130165,0.0,0.0,64
77,CAMAE,250.4249175186314,5.999999999999908,128.57142857130165,0.0,0.0,64
78,CAMAE,250.4249175186314,5.999999999999908,128.57142857130165,0.0,0.0,64
79,CAMAE,250.4249175186314,5.999999999999908,128.57142857130165,0.0,0.0,64
80,CAMAE,250.4249175186314,5.999999999999908,128.57142857130165,0.0,0.0,64
81,CAMAE,250.4249175186314,5.999999999999908,128.57142857130165,0.0,0.0,64
82,CAMAE,250.4249175186314,5.999999999999908,128.57142857130165,0.0,0.0,64
83,CAMAE,229.23666561162136,5.999047480111342,114.04514252814192,0.000952519888565817,0.30163167085102904,56
84,CAMAE,250.4249175186314,5.999999999999908,128.57142857130165,0.000952519888565817,0.0,64
85,CAMAE,250.4249175186314,5.999999999999908,128.57142857130165,0.0,0.0,64
86,CAMAE,250.4249175186314,5.999999999999908,128.57142857130165,0.0,0.0,64
87,CAMAE,250.4249175186314,5.999999999999908,128.57142857130165,0.0,0.0,64
88,CAMAE,250.4249175186314,5.999999999999908,128.57142857130165,0.0,0.0,64
89,CAMAE,250.4249175186314,5.999999999999908,128.57142857130165,0.0,0.0,64
90,CAMAE,250.4249175186314,5.999999999999908,128.57142857130165,0.0,0.0,64
91,CAMAE,250.4249175186314,5.999999999999908,128.57142857130165,0.0,0.0,64
92,CAMAE,250.4249175186314,5.999999999999908,128.57142857130165,0.0,0.0,64
93,CAMAE,250.4249175186314,5.999999999999908,128.57142857130165,0.0,0.0,64
94,CAMAE,250.4249175186314,5.999999999999908,128.57142857130165,0.0,0.0,64
95,CAMAE,250.4249175186314,5.999999999999908,128.57142857130165,0.0,0.0,64
96,CAMAE,250.4249175186314,5.999999999999908,128.57142857130165,0.0,0.0,64
97,CAMAE,250.4249175186314,5.999999999999908,128.57142857130165,0.0,0.0,64
98,CAMAE,250.4249175186314,5.999999999999908,128.57142857130165,0.0,0.0,64
99,CAMAE,250.4249175186314,5.999999999999908,128.57142857130165,0.0,0.0,64
100,CAMAE,250.4249175186314,5.999999999999908,128.57142857130165,0.0,0.0,64
101,CAMAE,250.4249175186314,5.999999999999908,128.57142857130165,0.0,0.0,64
102,CAMAE,250.4249175186314,5.999999999999908,128.57142857130165,0.0,0.0,64
103,CAMAE,250.4249175186314,5.999999999999908,128.57142857130165,0.0,0.0,64
104,CAMAE,250.4249175186314,5.999999999999908,128.57142857130165,0.0,0.0,64
105,CAMAE,250.4249175186314,5.999999999999908,128.57142857130165,0.0,0.0,64
106,CAMAE,250.4249175186314,5.999999999999908,128.57142857130165,0.0,0.0,64
107,CAMAE,250.4249175186314,5.999999999999908,128.57142857130165,0.0,0.0,64
108,CAMAE,250.4249175186314,5.999999999999908,128.57142857130165,0.0,0.0,64
109,CAMAE,229.23666561162,5.807955872550626,132.1921802256614,0.19204412744928145,1.2923898682420385,56
110,CAMAE,229.23666561162,5.920799714761348,125.94647062843654,0.11284384221072141,0.4724485615105518,56
111,CAMAE,250.4249175186314,5.999999999999908,128.57142857130165,0.07920028523856004,0.0,64
112,CAMAE,250.4249175186314,5.999999999999908,128.57142857130165,0.0,0.0,64
113,CAMAE,250.4249175186314,5.999999999999908,128.57142857130165,0.0,0.0,64
114,CAMAE,250.4249175186314,5.999999999999908,128.57142857130165,0.0,0.0,64
115,CAMAE,250.4249175186314,5.999999999999908,128.57142857130165,0.0,0.0,64
116,CAMAE,250.4249175186314,5.999999999999908,128.57142857130165,0.0,0.0,64
117,CAMAE,250.4249175186314,5.999999999999908,128.57142857130165,0.0,0.0,64
118,CAMAE,250.4249175186314,5.999999999999908,128.57142857130165,0.0,0.0,64
119,CAMAE,229.23666561162,5.996193959630944,115.5692163269211,0.0038060403689632594,0.3166294446521474,56
120,CAMAE,250.4249175186314,5.999999999999908,128.57142857130165,0.0038060403689632594,0.0,64
121,CAMAE,250.4249175186314,5.999999999999908,128.57142857130165,0.0,0.0,64
122,CAMAE,250.4249175186314,5.999999999999908,128.57142857130165,0.0,0.0,64
123,CAMAE,250.4249175186314,5.999999999999908,128.57142857130165,0.0,0.0,64
124,CAMAE,250.4249175186314,5.999999999999908,128.57142857130165,0.0,0.0,64
125,CAMAE,250.4249175186314,5.999999999999908,128.57142857130165,0.0,0.0,64
126,CAMAE,250.4249175186314,5.999999999999908,128.57142857130165,0.0,0.0,64
127,CAMAE,229.23666561162003,5.807366928325605,132.2096264411412,0.19263307167430277,1.8301960607221806,56
128,CAMAE,250.4249175186314,5.999999999999908,128.57142857130165,0.19263307167430277,0.0,64
129,CAMAE,250.4249175186314,5.999999999999908,128.57142857130165,0.0,0.0,64
130,CAMAE,250.4249175186314,5.999999999999908,128.57142857130165,0.0,0.0,64
131,CAMAE,250.4249175186314,5.999999999999908,128.57142857130165,0.0,0.0,64
132,CAMAE,250.4249175186314,5.999999999999908,128.57142857130165,0.0,0.0,64
133,CAMAE,250.4249175186314,5.999999999999908,128.57142857130165,0.0,0.0,64
134,CAMAE,250.4249175186314,5.999999999999908,128.57142857130165,0.0,0.0,64
135,CAMAE,250.4249175186314,5.999999999999908,128.57142857130165,0.0,0.0,64
136,CAMAE,250.4249175186314,5.999999999999908,128.57142857130165,0.0,0.0,64
137,CAMAE,250.4249175186314,5.999999999999908,128.57142857130165,0.0,0.0,64
138,CAMAE,250.4249175186314,5.999999999999908,128.57142857130165,0.0,0.0,64
139,CAMAE,250.4249175186314,5.999999999999908,128.57142857130165,0.0,0.0,64
140,CAMAE,250.4249175186314,5.999999999999908,128.57142857130165,0.0,0.0,64
141,CAMAE,229.23666561162196,5.9999945103922325,112.38972604074705,5.489607675102093e-06,0.2864594901954971,56
142,CAMAE,250.4249175186314,5.999999999999908,128.57142857130165,5.489607675102093e-06,0.0,64
143,CAMAE,250.4249175186314,5.999999999999908,128.57142857130165,0.0,0.0,64
144,CAMAE,250.4249175186314,5.999999999999908,128.57142857130165,0.0,0.0,64
145,CAMAE,250.4249175186314,5.999999999999908,128.57142857130165,0.0,0.0,64
146,CAMAE,250.4249175186314,5.999999999999908,128.57142857130165,0.0,0.0,64
147,CAMAE,250.4249175186314,5.999999999999908,128.57142857130165,0.0,0.0,64
148,CAMAE,250.4249175186314,5.999999999999908,128.57142857130165,0.0,0.0,64
149,CAMAE,250.4249175186314,5.999999999999908,128.57142857130165,0.0,0.0,64
150,CAMAE,229.23666561163526,5.847513106299077,130.5256694996493,0.15248689370083035,0.665122581999312,56
151,CAMAE,250.4249175186314,5.999999999999908,128.57142857130165,0.15248689370083035,0.0,64
152,CAMAE,250.4249175186314,5.999999999999908,128.57142857130165,0.0,0.0,64
153,CAMAE,250.4249175186314,5.999999999999908,128.57142857130165,0.0,0.0,64
154,CAMAE,250.4249175186314,5.999999999999908,128.57142857130165,0.0,0.0,64
155,CAMAE,250.4249175186314,5.999999999999908,128.57142857130165,0.0,0.0,64
156,CAMAE,250.4249175186314,5.999999999999908,128.57142857130165,0.0,0.0,64
157,CAMAE,250.4249175186314,5.999999999999908,128.57142857130165,0.0,0.0,64
158,CAMAE,250.4249175186314,5.999999999999908,128.57142857130165,0.0,0.0,64
159,CAMAE,250.4249175186314,5.999999999999908,128.57142857130165,0.0,0.0,64
160,CAMAE,250.4249175186314,5.999999999999908,128.57142857130165,0.0,0.0,64
161,CAMAE,250.4249175186314,5.999999999999908,128.57142857130165,0.0,0.0,64
162,CAMAE,250.4249175186314,5.999999999999908,128.57142857130165,0.0,0.0,64
163,CAMAE,250.4249175186314,5.999999999999908,128.57142857130165,0.0,0.0,64
164,CAMAE,229.23666561162156,5.909881255757787,126.77586795876749,0.09011874424212074,0.4939259139521377,56
165,CAMAE,250.4249175186314,5.999999999999908,128.57142857130165,0.09011874424212074,0.0,64
166,CAMAE,250.4249175186314,5.999999999999908,128.57142857130165,0.0,0.0,64
167,CAMAE,250.4249175186314,5.999999999999908,128.57142857130165,0.0,0.0,64
168,CAMAE,250.4249175186314,5.999999999999908,128.57142857130165,0.0,0.0,64
169,CAMAE,250.4249175186314,5.999999999999908,128.57142857130165,0.0,0.0,64
170,CAMAE,250.4249175186314,5.999999999999908,128.57142857130165,0.0,0.0,64
171,CAMAE,250.4249175186314,5.999999999999908,128.57142857130165,0.0,0.0,64
172,CAMAE,250.4249175186314,5.999999999999908,128.57142857130165,0.0,0.0,64
173,CAMAE,250.4249175186314,5.999999999999908,128.57142857130165,0.0,0.0,64
174,CAMAE,250.4249175186314,5.999999999999908,128.57142857130165,0.0,0.0,64
175,CAMAE,250.4249175186314,5.999999999999908,128.57142857130165,0.0,0.0,64
176,CAMAE,250.4249175186314,5.999999999999908,128.57142857130165,0.0,0.0,64
177,CAMAE,250.4249175186314,5.999999999999908,128.57142857130165,0.0,0.0,64
178,CAMAE,250.4249175186314,5.999999999999908,128.57142857130165,0.0,0.0,64
179,CAMAE,250.4249175186314,5.999999999999908,128.57142857130165,0.0,0.0,64
180,CAMAE,250.4249175186314,5.999999999999908,128.57142857130165,0.0,0.0,64
181,CAMAE,250.4249175186314,5.999999999999908,128.57142857130165,0.0,0.0,64
182,CAMAE,250.4249175186314,5.999999999999908,128.57142857130165,0.0,0.0,64
183,CAMAE,250.4249175186314,5.999999999999908,128.57142857130165,0.0,0.0,64
184,CAMAE,250.4249175186314,5.999999999999908,128.57142857130165,0.0,0.0,64
185,CAMAE,250.4249175186314,5.999999999999908,128.57142857130165,0.0,0.0,64
186,CAMAE,250.4249175186314,5.999999999999908,128.57142857130165,0.0,0.0,64
187,CAMAE,229.23666561162,5.985986271910744,118.33574585114005,0.014013728089163457,0.34705733908901937,56
188,CAMAE,250.4249175186314,5.999999999999908,128.57142857130165,0.014013728089163457,0.0,64
189,CAMAE,250.4249175186314,5.999999999999908,128.57142857130165,0.0,0.0,64
190,CAMAE,250.4249175186314,5.999999999999908,128.57142857130165,0.0,0.0,64
191,CAMAE,250.4249175186314,5.999999999999908,128.57142857130165,0.0,0.0,64
192,CAMAE,250.4249175186314,5.999999999999908,128.57142857130165,0.0,0.0,64
193,CAMAE,229.23666561163117,5.872612690059354,129.18838756904165,0.1273873099405538,0.5807907849790723,56
194,CAMAE,250.4249175186314,5.999999999999908,128.57142857130165,0.1273873099405538,0.0,64
195,CAMAE,250.4249175186314,5.999999999999908,128.57142857130165,0.0,0.0,64
196,CAMAE,250.4249175186314,5.999999999999908,128.57142857130165,0.0,0.0,64
197,CAMAE,250.4249175186314,5.999999999999908,128.57142857130165,0.0,0.0,64
198,CAMAE,250.4249175186314,5.999999999999908,128.57142857130165,0.0,0.0,64
199,CAMAE,250.4249175186314,5.999999999999908,128.57142857130165,0.0,0.0,64
200,CAMAE,250.4249175186314,5.999999999999908,128.57142857130165,0.0,0.0,64
201,CAMAE,250.4249175186314,5.999999999999908,128.57142857130165,0.0,0.0,64
202,CAMAE,250.4249175186314,5.999999999999908,128.57142857130165,0.0,0.0,64
203,CAMAE,250.4249175186314,5.999999999999908,128.57142857130165,0.0,0.0,64
204,CAMAE,250.4249175186314,5.999999999999908,128.57142857130165,0.0,0.0,64
205,CAMAE,250.4249175186314,5.999999999999908,128.57142857130165,0.0,0.0,64
206,CAMAE,250.4249175186314,5.999999999999908,128.57142857130165,0.0,0.0,64
207,CAMAE,250.4249175186314,5.999999999999908,128.57142857130165,0.0,0.0,64
208,CAMAE,1672.5722037819592,5.807354953055007,132.20994133898716,0.19264504694490103,2.6237596277506303,56
209,CAMAE,250.4249175186314,5.999999999999908,128.57142857130165,0.19264504694490103,0.0,64
210,CAMAE,250.4249175186314,5.999999999999908,128.57142857130165,0.0,0.0,64
211,CAMAE,250.4249175186314,5.999999999999908,128.57142857130165,0.0,0.0,64
212,CAMAE,229.23666561162003,5.985024321184797,118.52884492078242,0.014975678815110527,0.34936805349453937,56
213,CAMAE,250.4249175186314,5.999999999999908,128.57142857130165,0.014975678815110527,0.0,64
214,CAMAE,250.4249175186314,5.999999999999908,128.57142857130165,0.0,0.0,64
215,CAMAE,250.4249175186314,5.999999999999908,128.57142857130165,0.0,0.0,64
216,CAMAE,229.23666561162003,5.999439140344282,113.6883644587168,0.0005608596556259116,0.2982701381160126,56
217,CAMAE,250.4249175186314,5.999999999999908,128.57142857130165,0.0005608596556259116,0.0,64
218,CAMAE,250.4249175186314,5.999999999999908,128.57142857130165,0.0,0.0,64
219,CAMAE,250.4249175186314,5.999999999999908,128.57142857130165,0.0,0.0,64
220,CAMAE,250.4249175186314,5.999999999999908,128.57142857130165,0.0,0.0,64
221,CAMAE,250.4249175186314,5.999999999999908,128.57142857130165,0.0,0.0,64
222,CAMAE,250.4249175186314,5.999999999999908,128.57142857130165,0.0,0.0,64
223,CAMAE,229.23666561162,5.882896899951781,128.57838787072006,0.11710310004812641,0.553855144642797,56
224,CAMAE,250.4249175186314,5.999999999999908,128.57142857130165,0.11710310004812641,0.0,64
225,CAMAE,250.4249175186314,5.999999999999908,128.57142857130165,0.0,0.0,64
226,CAMAE,250.4249175186314,5.999999999999908,128.57142857130165,0.0,0.0,64
227,CAMAE,250.4249175186314,5.999999999999908,128.57142857130165,0.0,0.0,64
228,CAMAE,250.4249175186314,5.999999999999908,128.57142857130165,0.0,0.0,64
229,CAMAE,250.4249175186314,5.999999999999908,128.57142857130165,0.0,0.0,64
230,CAMAE,250.4249175186314,5.999999999999908,128.57142857130165,0.0,0.0,64
231,CAMAE,250.4249175186314,5.999999999999908,128.57142857130165,0.0,0.0,64
232,CAMAE,250.4249175186314,5.999999999999908,128.57142857130165,0.0,0.0,64
233,CAMAE,250.4249175186314,5.999999999999908,128.57142857130165,0.0,0.0,64
234,CAMAE,250.4249175186314,5.999999999999908,128.57142857130165,0.0,0.0,64
235,CAMAE,250.4249175186314,5.999999999999908,128.57142857130165,0.0,0.0,64
236,CAMAE,250.4249175186314,5.999999999999908,128.57142857130165,0.0,0.0,64
237,CAMAE,250.4249175186314,5.999999999999908,128.57142857130165,0.0,0.0,64
238,CAMAE,250.4249175186314,5.999999999999908,128.57142857130165,0.0,0.0,64
239,CAMAE,250.4249175186314,5.999999999999908,128.57142857130165,0.0,0.0,64
240,CAMAE,250.4249175186314,5.999999999999908,128.57142857130165,0.0,0.0,64
241,CAMAE,250.4249175186314,5.999999999999908,128.57142857130165,0.0,0.0,64
242,CAMAE,250.4249175186314,5.999999999999908,128.57142857130165,0.0,0.0,64
243,CAMAE,250.4249175186314,5.999999999999908,128.57142857130165,0.0,0.0,64
244,CAMAE,250.4249175186314,5.999999999999908,128.57142857130165,0.0,0.0,64
245,CAMAE,250.4249175186314,5.999999999999908,128.57142857130165,0.0,0.0,64
246,CAMAE,229.23666561162003,5.855877851912227,130.1028475707168,0.1441221480876802,0.6330052483368018,56
247,CAMAE,250.4249175186314,5.999999999999908,128.57142857130165,0.1441221480876802,0.0,64
248,CAMAE,250.4249175186314,5.999999999999908,128.57142857130165,0.0,0.0,64
249,CAMAE,250.4249175186314,5.999999999999908,128.57142857130165,0.0,0.0,64
250,CAMAE,250.4249175186314,5.999999999999908,128.57142857130165,0.0,0.0,64
251,CAMAE,250.4249175186314,5.999999999999908,128.57142857130165,0.0,0.0,64
252,CAMAE,250.4249175186314,5.999999999999908,128.57142857130165,0.0,0.0,64
253,CAMAE,229.23666561162196,5.9790813455764384,119.59952759052092,0.020918654423469185,0.3627141667631232,56
254,CAMAE,250.4249175186314,5.999999999999908,128.57142857130165,0.020918654423469185,0.0,64
255,CAMAE,250.4249175186314,5.999999999999908,128.57142857130165,0.0,0.0,64
256,CAMAE,250.4249175186314,5.999999999999908,128.57142857130165,0.0,0.0,64
257,CAMAE,250.4249175186314,5.999999999999908,128.57142857130165,0.0,0.0,64
258,CAMAE,250.4249175186314,5.999999999999908,128.57142857130165,0.0,0.0,64
259,CAMAE,229.23666561162,5.999325106498856,113.80253134400436,0.0006748935010518764,0.2993400483883441,56
260,CAMAE,250.4249175186314,5.999999999999908,128.57142857130165,0.0006748935010518764,0.0,64
261,CAMAE,250.4249175186314,5.999999999999908,128.57142857130165,0.0,0.0,64
262,CAMAE,250.4249175186314,5.999999999999908,128.57142857130165,0.0,0.0,64
263,CAMAE,250.4249175186314,5.999999999999908,128.57142857130165,0.0,0.0,64
264,CAMAE,250.4249175186314,5.999999999999908,128.57142857130165,0.0,0.0,64
265,CAMAE,250.4249175186314,5.999999999999908,128.57142857130165,0.0,0.0,64
266,CAMAE,229.23666561163066,5.993824486267893,116.39862808293645,0.00617551373201497,0.3252748354118093,56
267,CAMAE,250.4249175186314,5.999999999999908,128.57142857130165,0.00617551373201497,0.0,64
268,CAMAE,229.23666561162,5.999625555783601,113.47280074971351,0.00037444421630628,0.29626446544168394,56
269,CAMAE,229.2366656116252,5.848564535921243,130.47375029253428,0.15106101986235831,0.6607819697513513,56
270,CAMAE,229.23666561162003,5.956433752194013,122.62968288311086,0.10786921627277035,0.4067304622693252,56
271,CAMAE,250.4249175186314,5.999999999999908,128.57142857130165,0.04356624780589424,0.0,64
272,CAMAE,229.23666561162003,5.8613163987083166,129.8158523736872,0.13868360129159107,0.6145884617594242,56
273,CAMAE,250.4249175186314,5.999999999999908,128.57142857130165,0.13868360129159107,0.0,64
274,CAMAE,250.4249175186314,5.999999999999908,128.57142857130165,0.0,0.0,64
275,CAMAE,250.4249175186314,5.999999999999908,128.57142857130165,0.0,0.0,64
276,CAMAE,250.4249175186314,5.999999999999908,128.57142857130165,0.0,0.0,64
277,CAMAE,250.4249175186314,5.999999999999908,128.57142857130165,0.0,0.0,64
278,CAMAE,250.4249175186314,5.999999999999908,128.57142857130165,0.0,0.0,64
279,CAMAE,250.4249175186314,5.999999999999908,128.57142857130165,0.0,0.0,64
280,CAMAE,250.4249175186314,5.999999999999908,128.57142857130165,0.0,0.0,64
281,CAMAE,250.4249175186314,5.999999999999908,128.57142857130165,0.0,0.0,64
282,CAMAE,229.236665611622,5.998511757400712,110.56788932994061,0.001488242599195999,0.2708871402828848,56
283,CAMAE,229.23666561162037,5.808149748936433,132.1861596671754,0.19036200846427853,1.2530010328640637,56
284,CAMAE,250.4249175186314,5.999999999999908,128.57142857130165,0.19185025106347453,0.0,64
285,CAMAE,250.4249175186314,5.999999999999908,128.57142857130165,0.0,0.0,64
286,CAMAE,229.23666561162003,5.812491359917147,132.0387318046951,0.18750864008276036,0.9843414420866412,56
287,CAMAE,250.4249175186314,5.999999999999908,128.57142857130165,0.18750864008276036,0.0,64
288,CAMAE,250.4249175186314,5.999999999999908,128.57142857130165,0.0,0.0,64
289,CAMAE,250.4249175186314,5.999999999999908,128.57142857130165,0.0,0.0,64
290,CAMAE,229.23666561162747,5.873207202787132,129.15415689916549,0.1267927972127758,0.5791470192295617,56
291,CAMAE,229.23666561162196,5.9932224979699456,108.34805209393008,0.12001529518281373,0.2532338333009657,56
292,CAMAE,250.4249175186314,5.999999999999908,128.57142857130165,0.006777502029962079,0.0,64
293,CAMAE,250.4249175186314,5.999999999999908,128.57142857130165,0.0,0.0,64
294,CAMAE,250.4249175186314,5.999999999999908,128.57142857130165,0.0,0.0,64
295,CAMAE,250.4249175186314,5.999999999999908,128.57142857130165,0.0,0.0,64
296,CAMAE,250.4249175186314,5.999999999999908,128.57142857130165,0.0,0.0,64
297,CAMAE,250.4249175186314,5.999999999999908,128.57142857130165,0.0,0.0,64
298,CAMAE,250.4249175186314,5.999999999999908,128.57142857130165,0.0,0.0,64
299,CAMAE,250.4249175186314,5.999999999999908,128.57142857130165,0.0,0.0,64
300,CAMAE,250.4249175186314,5.999999999999908,128.57142857130165,0.0,0.0,64
301,CAMAE,250.4249175186314,5.999999999999908,128.57142857130165,0.0,0.0,64
302,CAMAE,250.4249175186314,5.999999999999908,128.57142857130165,0.0,0.0,64
303,CAMAE,250.4249175186314,5.999999999999908,128.57142857130165,0.0,0.0,64
304,CAMAE,250.4249175186314,5.999999999999908,128.57142857130165,0.0,0.0,64
305,CAMAE,250.4249175186314,5.999999999999908,128.57142857130165,0.0,0.0,64
306,CAMAE,250.4249175186314,5.999999999999908,128.57142857130165,0.0,0.0,64
307,CAMAE,250.4249175186314,5.999999999999908,128.57142857130165,0.0,0.0,64
308,CAMAE,250.4249175186314,5.999999999999908,128.57142857130165,0.0,0.0,64
309,CAMAE,250.4249175186314,5.999999999999908,128.57142857130165,0.0,0.0,64
310,CAMAE,250.4249175186314,5.999999999999908,128.57142857130165,0.0,0.0,64
311,CAMAE,250.4249175186314,5.999999999999908,128.57142857130165,0.0,0.0,64
312,CAMAE,250.4249175186314,5.999999999999908,128.57142857130165,0.0,0.0,64
313,CAMAE,250.4249175186314,5.999999999999908,128.57142857130165,0.0,0.0,64
314,CAMAE,229.23666561162042,5.850964527169839,130.35391827643596,0.1490354728300689,0.6512259380219532,56
315,CAMAE,229.23666561162,5.973095664762979,120.525104750982,0.12213113759313998,0.3750687568120112,56
316,CAMAE,250.4249175186314,5.999999999999908,128.57142857130165,0.026904335236928922,0.0,64
317,CAMAE,250.4249175186314,5.999999999999908,128.57142857130165,0.0,0.0,64
318,CAMAE,250.4249175186314,5.999999999999908,128.57142857130165,0.0,0.0,64
319,CAMAE,250.4249175186314,5.999999999999908,128.57142857130165,0.0,0.0,64
320,CAMAE,250.4249175186314,5.999999999999908,128.57142857130165,0.0,0.0,64
321,CAMAE,250.4249175186314,5.999999999999908,128.57142857130165,0.0,0.0,64
322,CAMAE,250.4249175186314,5.999999999999908,128.57142857130165,0.0,0.0,64
323,CAMAE,229.23666561162003,5.81301513640514,132.0198878561294,0.18698486359476796,0.9699948441660415,56
324,CAMAE,250.4249175186314,5.999999999999908,128.57142857130165,0.18698486359476796,0.0,64
325,CAMAE,250.4249175186314,5.999999999999908,128.57142857130165,0.0,0.0,64
326,CAMAE,250.4249175186314,5.999999999999908,128.57142857130165,0.0,0.0,64
327,CAMAE,250.4249175186314,5.999999999999908,128.57142857130165,0.0,0.0,64
328,CAMAE,250.4249175186314,5.999999999999908,128.57142857130165,0.0,0.0,64
329,CAMAE,250.4249175186314,5.999999999999908,128.57142857130165,0.0,0.0,64
330,CAMAE,250.4249175186314,5.999999999999908,128.57142857130165,0.0,0.0,64
331,CAMAE,250.4249175186314,5.999999999999908,128.57142857130165,0.0,0.0,64
332,CAMAE,250.4249175186314,5.999999999999908,128.57142857130165,0.0,0.0,64
333,CAMAE,250.4249175186314,5.999999999999908,128.57142857130165,0.0,0.0,64
334,CAMAE,250.4249175186314,5.999999999999908,128.57142857130165,0.0,0.0,64
335,CAMAE,250.4249175186314,5.999999999999908,128.57142857130165,0.0,0.0,64
336,CAMAE,250.4249175186314,5.999999999999908,128.57142857130165,0.0,0.0,64
337,CAMAE,250.4249175186314,5.999999999999908,128.57142857130165,0.0,0.0,64
338,CAMAE,250.4249175186314,5.999999999999908,128.57142857130165,0.0,0.0,64
339,CAMAE,250.4249175186314,5.999999999999908,128.57142857130165,0.0,0.0,64
340,CAMAE,250.4249175186314,5.999999999999908,128.57142857130165,0.0,0.0,64
341,CAMAE,250.4249175186314,5.999999999999908,128.57142857130165,0.0,0.0,64
342,CAMAE,250.4249175186314,5.999999999999908,128.57142857130165,0.0,0.0,64
343,CAMAE,250.4249175186314,5.999999999999908,128.57142857130165,0.0,0.0,64
344,CAMAE,250.4249175186314,5.999999999999908,128.57142857130165,0.0,0.0,64
345,CAMAE,229.23666561162,5.808544039044255,132.17367433257067,0.19145596095565232,1.195921223934368,56
346,CAMAE,250.4249175186314,5.999999999999908,128.57142857130165,0.19145596095565232,0.0,64
347,CAMAE,250.4249175186314,5.999999999999908,128.57142857130165,0.0,0.0,64
348,CAMAE,250.4249175186314,5.999999999999908,128.57142857130165,0.0,0.0,64
349,CAMAE,250.4249175186314,5.999999999999908,128.57142857130165,0.0,0.0,64
350,CAMAE,250.4249175186314,5.999999999999908,128.57142857130165,0.0,0.0,64
351,CAMAE,229.23666561162,5.991034068780146,117.18548882168906,0.008965931219761636,0.33383490248042674,56
352,CAMAE,250.4249175186314,5.999999999999908,128.57142857130165,0.008965931219761636,0.0,64
353,CAMAE,250.4249175186314,5.999999999999908,128.57142857130165,0.0,0.0,64
354,CAMAE,250.4249175186314,5.999999999999908,128.57142857130165,0.0,0.0,64
355,CAMAE,250.4249175186314,5.999999999999908,128.57142857130165,0.0,0.0,64
356,CAMAE,250.4249175186314,5.999999999999908,128.57142857130165,0.0,0.0,64
357,CAMAE,229.23666561162196,5.807354922057524,132.20994208526955,0.19264507794238384,5.2755426242307095,56
358,CAMAE,250.4249175186314,5.999999999999908,128.57142857130165,0.19264507794238384,0.0,64
359,CAMAE,229.23666561162,5.807451439619763,132.2072687058959,0.19254856038014445,1.5463353775295392,56
360,CAMAE,250.4249175186314,5.999999999999908,128.57142857130165,0.19254856038014445,0.0,64
361,CAMAE,250.4249175186314,5.999999999999908,128.57142857130165,0.0,0.0,64
362,CAMAE,250.4249175186314,5.999999999999908,128.57142857130165,0.0,0.0,64
363,CAMAE,250.4249175186314,5.999999999999908,128.57142857130165,0.0,0.0,64
364,CAMAE,250.4249175186314,5.999999999999908,128.57142857130165,0.0,0.0,64
365,CAMAE,250.4249175186314,5.999999999999908,128.57142857130165,0.0,0.0,64
366,CAMAE,229.23666561162,5.997980656357724,114.74248702760086,0.002019343642183813,0.30836038790416576,56
367,CAMAE,250.4249175186314,5.999999999999908,128.57142857130165,0.002019343642183813,0.0,64
368,CAMAE,250.4249175186314,5.999999999999908,128.57142857130165,0.0,0.0,64
369,CAMAE,250.4249175186314,5.999999999999908,128.57142857130165,0.0,0.0,64
370,CAMAE,250.4249175186314,5.999999999999908,128.57142857130165,0.0,0.0,64
371,CAMAE,250.4249175186314,5.999999999999908,128.57142857130165,0.0,0.0,64
372,CAMAE,250.4249175186314,5.999999999999908,128.57142857130165,0.0,0.0,64
373,CAMAE,250.4249175186314,5.999999999999908,128.57142857130165,0.0,0.0,64
374,CAMAE,250.4249175186314,5.999999999999908,128.57142857130165,0.0,0.0,64
375,CAMAE,250.4249175186314,5.999999999999908,128.57142857130165,0.0,0.0,64
376,CAMAE,250.4249175186314,5.999999999999908,128.57142857130165,0.0,0.0,64
377,CAMAE,250.4249175186314,5.999999999999908,128.57142857130165,0.0,0.0,64
378,CAMAE,250.4249175186314,5.999999999999908,128.57142857130165,0.0,0.0,64
379,CAMAE,250.4249175186314,5.999999999999908,128.57142857130165,0.0,0.0,64
380,CAMAE,250.4249175186314,5.999999999999908,128.57142857130165,0.0,0.0,64
381,CAMAE,250.4249175186314,5.999999999999908,128.57142857130165,0.0,0.0,64
382,CAMAE,250.4249175186314,5.999999999999908,128.57142857130165,0.0,0.0,64
383,CAMAE,250.4249175186314,5.999999999999908,128.57142857130165,0.0,0.0,64
384,CAMAE,250.4249175186314,5.999999999999908,128.57142857130165,0.0,0.0,64
385,CAMAE,250.4249175186314,5.999999999999908,128.57142857130165,0.0,0.0,64
386,CAMAE,250.4249175186314,5.999999999999908,128.57142857130165,0.0,0.0,64
387,CAMAE,250.4249175186314,5.999999999999908,128.57142857130165,0.0,0.0,64
388,CAMAE,250.4249175186314,5.999999999999908,128.57142857130165,0.0,0.0,64
389,CAMAE,250.4249175186314,5.999999999999908,128.57142857130165,0.0,0.0,64
390,CAMAE,250.4249175186314,5.999999999999908,128.57142857130165,0.0,0.0,64
391,CAMAE,250.4249175186314,5.999999999999908,128.57142857130165,0.0,0.0,64
392,CAMAE,250.4249175186314,5.999999999999908,128.57142857130165,0.0,0.0,64
393,CAMAE,250.4249175186314,5.999999999999908,128.57142857130165,0.0,0.0,64
394,CAMAE,250.4249175186314,5.999999999999908,128.57142857130165,0.0,0.0,64
395,CAMAE,250.4249175186314,5.999999999999908,128.57142857130165,0.0,0.0,64
396,CAMAE,250.4249175186314,5.999999999999908,128.57142857130165,0.0,0.0,64
397,CAMAE,229.23666561162003,5.997917691071618,114.77686483318611,0.0020823089282897556,0.30869774941974404,56
398,CAMAE,250.4249175186314,5.999999999999908,128.57142857130165,0.0020823089282897556,0.0,64
399,CAMAE,229.23666561162082,5.910934236952367,126.69871515837262,0.08906576304754044,0.4918035289254458,56
400,CAMAE,250.4249175186314,5.999999999999908,128.57142857130165,0.08906576304754044,0.0,64
401,CAMAE,229.23666561162196,5.807354922057524,132.20994208526955,0.19264507794238384,15.555218006960969,56
402,CAMAE,229.23666561162,5.845607000116779,130.61889314231712,0.03825207805925501,0.6732530182346976,56
403,CAMAE,229.23666561162113,5.875946338130338,128.99483540458482,0.030339338013559036,0.571721028414094,56
404,CAMAE,250.4249175186314,5.999999999999908,128.57142857130165,0.12405366186956979,0.0,64
405,CAMAE,250.4249175186314,5.999999999999908,128.57142857130165,0.0,0.0,64
406,CAMAE,250.4249175186314,5.999999999999908,128.57142857130165,0.0,0.0,64
407,CAMAE,250.4249175186314,5.999999999999908,128.57142857130165,0.0,0.0,64
408,CAMAE,250.4249175186314,5.999999999999908,128.57142857130165,0.0,0.0,64
409,CAMAE,229.23666561162196,5.807354922081589,132.20994208472098,0.19264507791831864,3.5590661691974863,56
410,CAMAE,229.23666561162017,5.951914553964314,123.12028063608685,0.14455963188272491,0.4149979731164108,56
411,CAMAE,250.4249175186314,5.999999999999908,128.57142857130165,0.048085446035593726,0.0,64
412,CAMAE,250.4249175186314,5.999999999999908,128.57142857130165,0.0,0.0,64
413,CAMAE,250.4249175186314,5.999999999999908,128.57142857130165,0.0,0.0,64
414,CAMAE,250.4249175186314,5.999999999999908,128.57142857130165,0.0,0.0,64
415,CAMAE,250.4249175186314,5.999999999999908,128.57142857130165,0.0,0.0,64
416,CAMAE,250.4249175186314,5.999999999999908,128.57142857130165,0.0,0.0,64
417,CAMAE,229.23666561162054,5.994977998553748,116.02014345902111,0.0050220014461599405,0.3212839686726923,56
418,CAMAE,250.4249175186314,5.999999999999908,128.57142857130165,0.0050220014461599405,0.0,64
419,CAMAE,229.23666561162,5.988631707120007,117.76601199764984,0.011368292879900821,0.34039623489897064,56
420,CAMAE,250.4249175186314,5.999999999999908,128.57142857130165,0.011368292879900821,0.0,64
421,CAMAE,250.4249175186314,5.999999999999908,128.57142857130165,0.0,0.0,64
422,CAMAE,250.4249175186314,5.999999999999908,128.57142857130165,0.0,0.0,64
423,CAMAE,250.4249175186314,5.999999999999908,128.57142857130165,0.0,0.0,64
424,CAMAE,250.4249175186314,5.999999999999908,128.57142857130165,0.0,0.0,64
425,CAMAE,250.4249175186314,5.999999999999908,128.57142857130165,0.0,0.0,64
426,CAMAE,250.4249175186314,5.999999999999908,128.57142857130165,0.0,0.0,64
427,CAMAE,250.4249175186314,5.999999999999908,128.57142857130165,0.0,0.0,64
428,CAMAE,250.4249175186314,5.999999999999908,128.57142857130165,0.0,0.0,64
429,CAMAE,250.4249175186314,5.999999999999908,128.57142857130165,0.0,0.0,64
430,CAMAE,250.4249175186314,5.999999999999908,128.57142857130165,0.0,0.0,64
431,CAMAE,229.23666561162,5.966072958389814,121.47989836341627,0.03392704161009341,0.3887473012818242,56
432,CAMAE,250.4249175186314,5.999999999999908,128.57142857130165,0.03392704161009341,0.0,64
433,CAMAE,250.4249175186314,5.999999999999908,128.57142857130165,0.0,0.0,64
434,CAMAE,250.4249175186314,5.999999999999908,128.57142857130165,0.0,0.0,64
435,CAMAE,250.4249175186314,5.999999999999908,128.57142857130165,0.0,0.0,64
436,CAMAE,250.4249175186314,5.999999999999908,128.57142857130165,0.0,0.0,64
437,CAMAE,250.4249175186314,5.999999999999908,128.57142857130165,0.0,0.0,64
438,CAMAE,250.4249175186314,5.999999999999908,128.57142857130165,0.0,0.0,64
439,CAMAE,250.4249175186314,5.999999999999908,128.57142857130165,0.0,0.0,64
440,CAMAE,229.23666561162,5.965034238504147,121.61172104374799,0.03496576149576036,0.3907195469784078,56
441,CAMAE,250.4249175186314,5.999999999999908,128.57142857130165,0.03496576149576036,0.0,64
442,CAMAE,229.23666561164126,5.84717998058694,130.54204556916406,0.1528200194129674,0.6665186498428692,56
443,CAMAE,250.4249175186314,5.999999999999908,128.57142857130165,0.1528200194129674,0.0,64
444,CAMAE,250.4249175186314,5.999999999999908,128.57142857130165,0.0,0.0,64
445,CAMAE,250.4249175186314,5.999999999999908,128.57142857130165,0.0,0.0,64
446,CAMAE,250.4249175186314,5.999999999999908,128.57142857130165,0.0,0.0,64
447,CAMAE,250.4249175186314,5.999999999999908,128.57142857130165,0.0,0.0,64
448,CAMAE,250.4249175186314,5.999999999999908,128.57142857130165,0.0,0.0,64
449,CAMAE,250.4249175186314,5.999999999999908,128.57142857130165,0.0,0.0,64
450,CAMAE,250.4249175186314,5.999999999999908,128.57142857130165,0.0,0.0,64
451,CAMAE,250.4249175186314,5.999999999999908,128.57142857130165,0.0,0.0,64
452,CAMAE,250.4249175186314,5.999999999999908,128.57142857130165,0.0,0.0,64
453,CAMAE,250.4249175186314,5.999999999999908,128.57142857130165,0.0,0.0,64
454,CAMAE,250.4249175186314,5.999999999999908,128.57142857130165,0.0,0.0,64
455,CAMAE,250.4249175186314,5.999999999999908,128.57142857130165,0.0,0.0,64
456,CAMAE,250.4249175186314,5.999999999999908,128.57142857130165,0.0,0.0,64
457,CAMAE,229.23666561162196,5.999351841949023,111.22928649358379,0.0006481580508843621,0.2764168868423736,56
458,CAMAE,250.4249175186314,5.999999999999908,128.57142857130165,0.0006481580508843621,0.0,64
459,CAMAE,250.4249175186314,5.999999999999908,128.57142857130165,0.0,0.0,64
460,CAMAE,250.4249175186314,5.999999999999908,128.57142857130165,0.0,0.0,64
461,CAMAE,250.4249175186314,5.999999999999908,128.57142857130165,0.0,0.0,64
462,CAMAE,250.4249175186314,5.999999999999908,128.57142857130165,0.0,0.0,64
463,CAMAE,250.4249175186314,5.999999999999908,128.57142857130165,0.0,0.0,64
464,CAMAE,250.4249175186314,5.999999999999908,128.57142857130165,0.0,0.0,64
465,CAMAE,250.4249175186314,5.999999999999908,128.57142857130165,0.0,0.0,64
466,CAMAE,250.4249175186314,5.999999999999908,128.57142857130165,0.0,0.0,64
467,CAMAE,250.4249175186314,5.999999999999908,128.57142857130165,0.0,0.0,64
468,CAMAE,229.23666561162003,5.816470835926531,131.8915407898359,0.18352916407337627,0.8988418960326277,56
469,CAMAE,250.4249175186314,5.999999999999908,128.57142857130165,0.18352916407337627,0.0,64
470,CAMAE,250.4249175186314,5.999999999999908,128.57142857130165,0.0,0.0,64
471,CAMAE,250.4249175186314,5.999999999999908,128.57142857130165,0.0,0.0,64
472,CAMAE,250.4249175186314,5.999999999999908,128.57142857130165,0.0,0.0,64
473,CAMAE,250.4249175186314,5.999999999999908,128.57142857130165,0.0,0.0,64
474,CAMAE,250.4249175186314,5.999999999999908,128.57142857130165,0.0,0.0,64
475,CAMAE,250.4249175186314,5.999999999999908,128.57142857130165,0.0,0.0,64
476,CAMAE,250.4249175186314,5.999999999999908,128.57142857130165,0.0,0.0,64
477,CAMAE,229.23666561162017,5.9816247230099275,119.16391171588992,0.018375276989980094,0.35717044204697884,56
478,CAMAE,250.4249175186314,5.999999999999908,128.57142857130165,0.018375276989980094,0.0,64
479,CAMAE,250.4249175186314,5.999999999999908,128.57142857130165,0.0,0.0,64
480,CAMAE,250.4249175186314,5.999999999999908,128.57142857130165,0.0,0.0,64
481,CAMAE,250.4249175186314,5.999999999999908,128.57142857130165,0.0,0.0,64
482,CAMAE,250.4249175186314,5.999999999999908,128.57142857130165,0.0,0.0,64
483,CAMAE,250.4249175186314,5.999999999999908,128.57142857130165,0.0,0.0,64
484,CAMAE,250.4249175186314,5.999999999999908,128.57142857130165,0.0,0.0,64
485,CAMAE,250.4249175186314,5.999999999999908,128.57142857130165,0.0,0.0,64
486,CAMAE,250.4249175186314,5.999999999999908,128.57142857130165,0.0,0.0,64
487,CAMAE,250.4249175186314,5.999999999999908,128.57142857130165,0.0,0.0,64
488,CAMAE,250.4249175186314,5.999999999999908,128.57142857130165,0.0,0.0,64
489,CAMAE,250.4249175186314,5.999999999999908,128.57142857130165,0.0,0.0,64
490,CAMAE,250.4249175186314,5.999999999999908,128.57142857130165,0.0,0.0,64
491,CAMAE,250.4249175186314,5.999999999999908,128.57142857130165,0.0,0.0,64
492,CAMAE,250.4249175186314,5.999999999999908,128.57142857130165,0.0,0.0,64
493,CAMAE,250.4249175186314,5.999999999999908,128.57142857130165,0.0,0.0,64
494,CAMAE,229.23666561162196,5.999725977590015,111.67710104212915,0.00027402240989271576,0.2802390357039052,56
495,CAMAE,250.4249175186314,5.999999999999908,128.57142857130165,0.00027402240989271576,0.0,64
496,CAMAE,250.4249175186314,5.999999999999908,128.57142857130165,0.0,0.0,64
497,CAMAE,250.4249175186314,5.999999999999908,128.57142857130165,0.0,0.0,64
498,CAMAE,250.4249175186314,5.999999999999908,128.57142857130165,0.0,0.0,64
499,CAMAE,250.4249175186314,5.999999999999908,128.57142857130165,0.0,0.0,64
500,CAMAE,250.4249175186314,5.999999999999908,128.57142857130165,0.0,0.0,64
501,CAMAE,250.4249175186314,5.999999999999908,128.57142857130165,0.0,0.0,64
502,CAMAE,250.4249175186314,5.999999999999908,128.57142857130165,0.0,0.0,64
503,CAMAE,250.4249175186314,5.999999999999908,128.57142857130165,0.0,0.0,64
504,CAMAE,250.4249175186314,5.999999999999908,128.57142857130165,0.0,0.0,64
505,CAMAE,229.23666561162017,5.982269886148125,119.04844835282759,0.01773011385178247,0.3557278901493427,56
506,CAMAE,250.4249175186314,5.999999999999908,128.57142857130165,0.01773011385178247,0.0,64
507,CAMAE,229.23666561162196,5.999553722307191,111.44732750909256,0.0004462776927169898,0.2782697858415643,56
508,CAMAE,250.4249175186314,5.999999999999908,128.57142857130165,0.0004462776927169898,0.0,64
509,CAMAE,250.4249175186314,5.999999999999908,128.57142857130165,0.0,0.0,64
510,CAMAE,250.4249175186314,5.999999999999908,128.57142857130165,0.0,0.0,64
511,CAMAE,250.4249175186314,5.999999999999908,128.57142857130165,0.0,0.0,64
512,CAMAE,250.4249175186314,5.999999999999908,128.57142857130165,0.0,0.0,64
513,CAMAE,229.2366656116206,5.876668428069301,128.95239065583615,0.12333157193060629,0.5698020348189882,56
514,CAMAE,229.23666561162094,5.999997309204866,112.58903881372954,0.1233288811355644,0.2882310621503724,56
515,CAMAE,250.4249175186314,5.999999999999908,128.57142857130165,2.690795041893068e-06,0.0,64
516,CAMAE,229.23666561162,5.8125973297994085,132.03493374762502,0.18740267020049917,0.9813281447470374,56
517,CAMAE,250.4249175186314,5.999999999999908,128.57142857130165,0.18740267020049917,0.0,64
518,CAMAE,250.4249175186314,5.999999999999908,128.57142857130165,0.0,0.0,64
519,CAMAE,250.4249175186314,5.999999999999908,128.57142857130165,0.0,0.0,64
520,CAMAE,250.4249175186314,5.999999999999908,128.57142857130165,0.0,0.0,64
521,CAMAE,250.4249175186314,5.999999999999908,128.57142857130165,0.0,0.0,64
522,CAMAE,250.4249175186314,5.999999999999908,128.57142857130165,0.0,0.0,64
523,CAMAE,250.4249175186314,5.999999999999908,128.57142857130165,0.0,0.0,64
524,CAMAE,250.4249175186314,5.999999999999908,128.57142857130165,0.0,0.0,64
525,CAMAE,250.4249175186314,5.999999999999908,128.57142857130165,0.0,0.0,64
526,CAMAE,229.23666561162196,5.999820324639977,111.83524148391339,0.00017967535993079764,0.28160448904961716,56
527,CAMAE,250.4249175186314,5.999999999999908,128.57142857130165,0.00017967535993079764,0.0,64
528,CAMAE,250.4249175186314,5.999999999999908,128.57142857130165,0.0,0.0,64
529,CAMAE,250.4249175186314,5.999999999999908,128.57142857130165,0.0,0.0,64
530,CAMAE,229.23666561162003,5.954742587249468,122.81644054338705,0.045257412750439485,0.4098318510823988,56
531,CAMAE,250.4249175186314,5.999999999999908,128.57142857130165,0.045257412750439485,0.0,64
532,CAMAE,250.4249175186314,5.999999999999908,128.57142857130165,0.0,0.0,64
533,CAMAE,250.4249175186314,5.999999999999908,128.57142857130165,0.0,0.0,64
534,CAMAE,250.4249175186314,5.999999999999908,128.57142857130165,0.0,0.0,64
535,CAMAE,229.23666561162,5.998601824178182,114.3689801785084,0.0013981758217251894,0.30472966243178634,56
536,CAMAE,250.4249175186314,5.999999999999908,128.57142857130165,0.0013981758217251894,0.0,64
537,CAMAE,250.4249175186314,5.999999999999908,128.57142857130165,0.0,0.0,64
538,CAMAE,250.4249175186314,5.999999999999908,128.57142857130165,0.0,0.0,64
539,CAMAE,250.4249175186314,5.999999999999908,128.57142857130165,0.0,0.0,64
540,CAMAE,250.4249175186314,5.999999999999908,128.57142857130165,0.0,0.0,64
541,CAMAE,250.4249175186314,5.999999999999908,128.57142857130165,0.0,0.0,64
542,CAMAE,250.4249175186314,5.999999999999908,128.57142857130165,0.0,0.0,64
543,CAMAE,229.23666561162,5.829711007507472,131.35050003784437,0.170288992492436,0.7604418514845264,56
544,CAMAE,250.4249175186314,5.999999999999908,128.57142857130165,0.170288992492436,0.0,64
545,CAMAE,250.4249175186314,5.999999999999908,128.57142857130165,0.0,0.0,64
546,CAMAE,250.4249175186314,5.999999999999908,128.57142857130165,0.0,0.0,64
547,CAMAE,250.4249175186314,5.999999999999908,128.57142857130165,0.0,0.0,64
548,CAMAE,250.4249175186314,5.999999999999908,128.57142857130165,0.0,0.0,64
549,CAMAE,250.4249175186314,5.999999999999908,128.57142857130165,0.0,0.0,64
550,CAMAE,250.4249175186314,5.999999999999908,128.57142857130165,0.0,0.0,64
551,CAMAE,250.4249175186314,5.999999999999908,128.57142857130165,0.0,0.0,64
552,CAMAE,250.4249175186314,5.999999999999908,128.57142857130165,0.0,0.0,64
553,CAMAE,250.4249175186314,5.999999999999908,128.57142857130165,0.0,0.0,64
554,CAMAE,250.4249175186314,5.999999999999908,128.57142857130165,0.0,0.0,64
555,CAMAE,229.23666561162202,5.99999903333943,112.45778759450866,9.66660477885739e-07,0.2870628443606942,56
556,CAMAE,250.4249175186314,5.999999999999908,128.57142857130165,9.66660477885739e-07,0.0,64
557,CAMAE,250.4249175186314,5.999999999999908,128.57142857130165,0.0,0.0,64
558,CAMAE,250.4249175186314,5.999999999999908,128.57142857130165,0.0,0.0,64
559,CAMAE,250.4249175186314,5.999999999999908,128.57142857130165,0.0,0.0,64
560,CAMAE,250.4249175186314,5.999999999999908,128.57142857130165,0.0,0.0,64
561,CAMAE,250.4249175186314,5.999999999999908,128.57142857130165,0.0,0.0,64
562,CAMAE,229.23666561162196,5.993485591502235,108.43031500603193,0.006514408497672264,0.25386518469913094,56
563,CAMAE,250.4249175186314,5.999999999999908,128.57142857130165,0.006514408497672264,0.0,64
564,CAMAE,250.4249175186314,5.999999999999908,128.57142857130165,0.0,0.0,64
565,CAMAE,250.4249175186314,5.999999999999908,128.57142857130165,0.0,0.0,64
566,CAMAE,250.4249175186314,5.999999999999908,128.57142857130165,0.0,0.0,64
567,CAMAE,250.4249175186314,5.999999999999908,128.57142857130165,0.0,0.0,64
568,CAMAE,229.2366656116203,5.995180502075824,115.94926411705966,0.004819497924083649,0.3205452613572727,56
569,CAMAE,250.4249175186314,5.999999999999908,128.57142857130165,0.004819497924083649,0.0,64
570,CAMAE,250.4249175186314,5.999999999999908,128.57142857130165,0.0,0.0,64
571,CAMAE,250.4249175186314,5.999999999999908,128.57142857130165,0.0,0.0,64
572,CAMAE,250.4249175186314,5.999999999999908,128.57142857130165,0.0,0.0,64
573,CAMAE,250.4249175186314,5.999999999999908,128.57142857130165,0.0,0.0,64
574,CAMAE,250.4249175186314,5.999999999999908,128.57142857130165,0.0,0.0,64
575,CAMAE,250.4249175186314,5.999999999999908,128.57142857130165,0.0,0.0,64
576,CAMAE,250.4249175186314,5.999999999999908,128.57142857130165,0.0,0.0,64
577,CAMAE,250.4249175186314,5.999999999999908,128.57142857130165,0.0,0.0,64
578,CAMAE,250.4249175186314,5.999999999999908,128.57142857130165,0.0,0.0,64
579,CAMAE,250.4249175186314,5.999999999999908,128.57142857130165,0.0,0.0,64
580,CAMAE,250.4249175186314,5.999999999999908,128.57142857130165,0.0,0.0,64
581,CAMAE,250.4249175186314,5.999999999999908,128.57142857130165,0.0,0.0,64
582,CAMAE,250.4249175186314,5.999999999999908,128.57142857130165,0.0,0.0,64
583,CAMAE,250.4249175186314,5.999999999999908,128.57142857130165,0.0,0.0,64
584,CAMAE,250.4249175186314,5.999999999999908,128.57142857130165,0.0,0.0,64
585,CAMAE,250.4249175186314,5.999999999999908,128.57142857130165,0.0,0.0,64
586,CAMAE,250.4249175186314,5.999999999999908,128.57142857130165,0.0,0.0,64
587,CAMAE,250.4249175186314,5.999999999999908,128.57142857130165,0.0,0.0,64
588,CAMAE,229.23666561162014,5.952397216304576,123.06914247790677,0.04760278369533122,0.4141177128498986,56
589,CAMAE,250.4249175186314,5.999999999999908,128.57142857130165,0.04760278369533122,0.0,64
590,CAMAE,250.4249175186314,5.999999999999908,128.57142857130165,0.0,0.0,64
591,CAMAE,250.4249175186314,5.999999999999908,128.57142857130165,0.0,0.0,64
592,CAMAE,250.4249175186314,5.999999999999908,128.57142857130165,0.0,0.0,64
593,CAMAE,229.23666561162196,5.992046185129823,107.99809644779967,0.007953814870084841,0.25056617776413126,56
594,CAMAE,250.4249175186314,5.999999999999908,128.57142857130165,0.007953814870084841,0.0,64
595,CAMAE,250.4249175186314,5.999999999999908,128.57142857130165,0.0,0.0,64
596,CAMAE,250.4249175186314,5.999999999999908,128.57142857130165,0.0,0.0,64
597,CAMAE,250.4249175186314,5.999999999999908,128.57142857130165,0.0,0.0,64
598,CAMAE,250.4249175186314,5.999999999999908,128.57142857130165,0.0,0.0,64
599,CAMAE,250.4249175186314,5.999999999999908,128.57142857130165,0.0,0.0,64
600,CAMAE,250.4249175186314,5.999999999999908,128.57142857130165,0.0,0.0,64
601,CAMAE,250.4249175186314,5.999999999999908,128.57142857130165,0.0,0.0,64
602,CAMAE,250.4249175186314,5.999999999999908,128.57142857130165,0.0,0.0,64
603,CAMAE,250.4249175186314,5.999999999999908,128.57142857130165,0.0,0.0,64
604,CAMAE,250.4249175186314,5.999999999999908,128.57142857130165,0.0,0.0,64
605,CAMAE,250.4249175186314,5.999999999999908,128.57142857130165,0.0,0.0,64
606,CAMAE,250.4249175186314,5.999999999999908,128.57142857130165,0.0,0.0,64
607,CAMAE,250.4249175186314,5.999999999999908,128.57142857130165,0.0,0.0,64
608,CAMAE,229.23666561162196,5.999914520544513,112.04388887934577,8.547945539483237e-05,0.2834189306047012,56
609,CAMAE,250.4249175186314,5.999999999999908,128.57142857130165,8.547945539483237e-05,0.0,64
610,CAMAE,250.4249175186314,5.999999999999908,128.57142857130165,0.0,0.0,64
611,CAMAE,250.4249175186314,5.999999999999908,128.57142857130165,0.0,0.0,64
612,CAMAE,250.4249175186314,5.999999999999908,128.57142857130165,0.0,0.0,64
613,CAMAE,250.4249175186314,5.999999999999908,128.57142857130165,0.0,0.0,64
614,CAMAE,250.4249175186314,5.999999999999908,128.57142857130165,0.0,0.0,64
615,CAMAE,250.4249175186314,5.999999999999908,128.57142857130165,0.0,0.0,64
616,CAMAE,250.4249175186314,5.999999999999908,128.57142857130165,0.0,0.0,64
617,CAMAE,250.4249175186314,5.999999999999908,128.57142857130165,0.0,0.0,64
618,CAMAE,250.4249175186314,5.999999999999908,128.57142857130165,0.0,0.0,64
619,CAMAE,250.4249175186314,5.999999999999908,128.57142857130165,0.0,0.0,64
620,CAMAE,250.4249175186314,5.999999999999908,128.57142857130165,0.0,0.0,64
621,CAMAE,250.4249175186314,5.999999999999908,128.57142857130165,0.0,0.0,64
622,CAMAE,250.4249175186314,5.999999999999908,128.57142857130165,0.0,0.0,64
623,CAMAE,250.4249175186314,5.999999999999908,128.57142857130165,0.0,0.0,64
624,CAMAE,250.4249175186314,5.999999999999908,128.57142857130165,0.0,0.0,64
625,CAMAE,250.4249175186314,5.999999999999908,128.57142857130165,0.0,0.0,64
626,CAMAE,250.4249175186314,5.999999999999908,128.57142857130165,0.0,0.0,64
627,CAMAE,250.4249175186314,5.999999999999908,128.57142857130165,0.0,0.0,64
628,CAMAE,250.4249175186314,5.999999999999908,128.57142857130165,0.0,0.0,64
629,CAMAE,250.4249175186314,5.999999999999908,128.57142857130165,0.0,0.0,64
630,CAMAE,250.4249175186314,5.999999999999908,128.57142857130165,0.0,0.0,64
631,CAMAE,250.4249175186314,5.999999999999908,128.57142857130165,0.0,0.0,64
632,CAMAE,250.4249175186314,5.999999999999908,128.57142857130165,0.0,0.0,64
633,CAMAE,250.4249175186314,5.999999999999908,128.57142857130165,0.0,0.0,64
634,CAMAE,250.4249175186314,5.999999999999908,128.57142857130165,0.0,0.0,64
635,CAMAE,250.4249175186314,5.999999999999908,128.57142857130165,0.0,0.0,64
636,CAMAE,250.4249175186314,5.999999999999908,128.57142857130165,0.0,0.0,64
637,CAMAE,250.4249175186314,5.999999999999908,128.57142857130165,0.0,0.0,64
638,CAMAE,250.4249175186314,5.999999999999908,128.57142857130165,0.0,0.0,64
639,CAMAE,250.4249175186314,5.999999999999908,128.57142857130165,0.0,0.0,64
640,CAMAE,250.4249175186314,5.999999999999908,128.57142857130165,0.0,0.0,64
641,CAMAE,250.4249175186314,5.999999999999908,128.57142857130165,0.0,0.0,64
642,CAMAE,250.4249175186314,5.999999999999908,128.57142857130165,0.0,0.0,64
643,CAMAE,250.4249175186314,5.999999999999908,128.57142857130165,0.0,0.0,64
644,CAMAE,250.4249175186314,5.999999999999908,128.57142857130165,0.0,0.0,64
645,CAMAE,250.4249175186314,5.999999999999908,128.57142857130165,0.0,0.0,64
646,CAMAE,229.23666561162003,5.838022483147858,130.97830123881724,0.16197751685204942,0.7096585096579147,56
647,CAMAE,250.4249175186314,5.999999999999908,128.57142857130165,0.16197751685204942,0.0,64
648,CAMAE,250.4249175186314,5.999999999999908,128.57142857130165,0.0,0.0,64
649,CAMAE,250.4249175186314,5.999999999999908,128.57142857130165,0.0,0.0,64
650,CAMAE,250.4249175186314,5.999999999999908,128.57142857130165,0.0,0.0,64
651,CAMAE,250.4249175186314,5.999999999999908,128.57142857130165,0.0,0.0,64
652,CAMAE,250.4249175186314,5.999999999999908,128.57142857130165,0.0,0.0,64
653,CAMAE,250.4249175186314,5.999999999999908,128.57142857130165,0.0,0.0,64
654,CAMAE,250.4249175186314,5.999999999999908,128.57142857130165,0.0,0.0,64
655,CAMAE,250.4249175186314,5.999999999999908,128.57142857130165,0.0,0.0,64
656,CAMAE,250.4249175186314,5.999999999999908,128.57142857130165,0.0,0.0,64
657,CAMAE,250.4249175186314,5.999999999999908,128.57142857130165,0.0,0.0,64
658,CAMAE,250.4249175186314,5.999999999999908,128.57142857130165,0.0,0.0,64
659,CAMAE,229.23666561162,5.8462268494895575,130.5887048242628,0.15377315051035012,0.6705706114222597,56
660,CAMAE,250.4249175186314,5.999999999999908,128.57142857130165,0.15377315051035012,0.0,64
661,CAMAE,250.4249175186314,5.999999999999908,128.57142857130165,0.0,0.0,64
662,CAMAE,250.4249175186314,5.999999999999908,128.57142857130165,0.0,0.0,64
663,CAMAE,250.4249175186314,5.999999999999908,128.57142857130165,0.0,0.0,64
664,CAMAE,250.4249175186314,5.999999999999908,128.57142857130165,0.0,0.0,64
665,CAMAE,250.4249175186314,5.999999999999908,128.57142857130165,0.0,0.0,64
666,CAMAE,250.4249175186314,5.999999999999908,128.57142857130165,0.0,0.0,64
667,CAMAE,250.4249175186314,5.999999999999908,128.57142857130165,0.0,0.0,64
668,CAMAE,250.4249175186314,5.999999999999908,128.57142857130165,0.0,0.0,64
669,CAMAE,250.4249175186314,5.999999999999908,128.57142857130165,0.0,0.0,64
670,CAMAE,250.4249175186314,5.999999999999908,128.57142857130165,0.0,0.0,64
671,CAMAE,250.4249175186314,5.999999999999908,128.57142857130165,0.0,0.0,64
672,CAMAE,250.4249175186314,5.999999999999908,128.57142857130165,0.0,0.0,64
673,CAMAE,1497.073560147614,5.807355164137264,132.2099361173619,0.19264483586264358,2.352227502917481,56
674,CAMAE,250.4249175186314,5.999999999999908,128.57142857130165,0.19264483586264358,0.0,64
675,CAMAE,250.4249175186314,5.999999999999908,128.57142857130165,0.0,0.0,64
676,CAMAE,250.4249175186314,5.999999999999908,128.57142857130165,0.0,0.0,64
677,CAMAE,250.4249175186314,5.999999999999908,128.57142857130165,0.0,0.0,64
678,CAMAE,250.4249175186314,5.999999999999908,128.57142857130165,0.0,0.0,64
679,CAMAE,250.4249175186314,5.999999999999908,128.57142857130165,0.0,0.0,64
680,CAMAE,250.4249175186314,5.999999999999908,128.57142857130165,0.0,0.0,64
681,CAMAE,250.4249175186314,5.999999999999908,128.57142857130165,0.0,0.0,64
682,CAMAE,250.4249175186314,5.999999999999908,128.57142857130165,0.0,0.0,64
683,CAMAE,250.4249175186314,5.999999999999908,128.57142857130165,0.0,0.0,64
684,CAMAE,250.4249175186314,5.999999999999908,128.57142857130165,0.0,0.0,64
685,CAMAE,250.4249175186314,5.999999999999908,128.57142857130165,0.0,0.0,64
686,CAMAE,250.4249175186314,5.999999999999908,128.57142857130165,0.0,0.0,64
687,CAMAE,250.4249175186314,5.999999999999908,128.57142857130165,0.0,0.0,64
688,CAMAE,250.4249175186314,5.999999999999908,128.57142857130165,0.0,0.0,64
689,CAMAE,250.4249175186314,5.999999999999908,128.57142857130165,0.0,0.0,64
690,CAMAE,250.4249175186314,5.999999999999908,128.57142857130165,0.0,0.0,64
691,CAMAE,250.4249175186314,5.999999999999908,128.57142857130165,0.0,0.0,64
692,CAMAE,250.4249175186314,5.999999999999908,128.57142857130165,0.0,0.0,64
693,CAMAE,250.4249175186314,5.999999999999908,128.57142857130165,0.0,0.0,64
694,CAMAE,250.4249175186314,5.999999999999908,128.57142857130165,0.0,0.0,64
695,CAMAE,229.23666561162,5.998881337295859,114.17334538563772,0.0011186627040489228,0.30285269801280196,56
696,CAMAE,250.4249175186314,5.999999999999908,128.57142857130165,0.0011186627040489228,0.0,64
697,CAMAE,250.4249175186314,5.999999999999908,128.57142857130165,0.0,0.0,64
698,CAMAE,250.4249175186314,5.999999999999908,128.57142857130165,0.0,0.0,64
699,CAMAE,250.4249175186314,5.999999999999908,128.57142857130165,0.0,0.0,64
700,CAMAE,250.4249175186314,5.999999999999908,128.57142857130165,0.0,0.0,64
701,CAMAE,250.4249175186314,5.999999999999908,128.57142857130165,0.0,0.0,64
702,CAMAE,250.4249175186314,5.999999999999908,128.57142857130165,0.0,0.0,64
703,CAMAE,250.4249175186314,5.999999999999908,128.57142857130165,0.0,0.0,64
704,CAMAE,250.4249175186314,5.999999999999908,128.57142857130165,0.0,0.0,64
705,CAMAE,250.4249175186314,5.999999999999908,128.57142857130165,0.0,0.0,64
706,CAMAE,229.23666561162,5.996076793651511,115.61559750299517,0.003923206348396491,0.31710333079558717,56
707,CAMAE,250.4249175186314,5.999999999999908,128.57142857130165,0.003923206348396491,0.0,64
708,CAMAE,250.4249175186314,5.999999999999908,128.57142857130165,0.0,0.0,64
709,CAMAE,229.23666561162295,5.978591562463073,119.68015007650594,0.021408437536834413,0.36375833672766816,56
710,CAMAE,250.4249175186314,5.999999999999908,128.57142857130165,0.021408437536834413,0.0,64
711,CAMAE,250.4249175186314,5.999999999999908,128.57142857130165,0.0,0.0,64
712,CAMAE,229.23666561162003,5.928950052190737,125.28056128885186,0.07104994780917107,0.4570371680256132,56
713,CAMAE,250.4249175186314,5.999999999999908,128.57142857130165,0.07104994780917107,0.0,64
714,CAMAE,250.4249175186314,5.999999999999908,128.57142857130165,0.0,0.0,64
715,CAMAE,250.4249175186314,5.999999999999908,128.57142857130165,0.0,0.0,64
716,CAMAE,250.4249175186314,5.999999999999908,128.57142857130165,0.0,0.0,64
717,CAMAE,250.4249175186314,5.999999999999908,128.57142857130165,0.0,0.0,64
718,CAMAE,250.4249175186314,5.999999999999908,128.57142857130165,0.0,0.0,64
719,CAMAE,250.4249175186314,5.999999999999908,128.57142857130165,0.0,0.0,64
720,CAMAE,250.4249175186314,5.999999999999908,128.57142857130165,0.0,0.0,64
721,CAMAE,250.4249175186314,5.999999999999908,128.57142857130165,0.0,0.0,64
722,CAMAE,250.4249175186314,5.999999999999908,128.57142857130165,0.0,0.0,64
723,CAMAE,250.4249175186314,5.999999999999908,128.57142857130165,0.0,0.0,64
724,CAMAE,250.4249175186314,5.999999999999908,128.57142857130165,0.0,0.0,64
725,CAMAE,250.4249175186314,5.999999999999908,128.57142857130165,0.0,0.0,64
726,CAMAE,250.4249175186314,5.999999999999908,128.57142857130165,0.0,0.0,64
727,CAMAE,250.4249175186314,5.999999999999908,128.57142857130165,0.0,0.0,64
728,CAMAE,250.4249175186314,5.999999999999908,128.57142857130165,0.0,0.0,64
729,CAMAE,250.4249175186314,5.999999999999908,128.57142857130165,0.0,0.0,64
730,CAMAE,250.4249175186314,5.999999999999908,128.57142857130165,0.0,0.0,64
731,CAMAE,250.4249175186314,5.999999999999908,128.57142857130165,0.0,0.0,64
732,CAMAE,250.4249175186314,5.999999999999908,128.57142857130165,0.0,0.0,64
733,CAMAE,250.4249175186314,5.999999999999908,128.57142857130165,0.0,0.0,64
734,CAMAE,250.4249175186314,5.999999999999908,128.57142857130165,0.0,0.0,64
735,CAMAE,250.4249175186314,5.999999999999908,128.57142857130165,0.0,0.0,64
736,CAMAE,250.4249175186314,5.999999999999908,128.57142857130165,0.0,0.0,64
737,CAMAE,250.4249175186314,5.999999999999908,128.57142857130165,0.0,0.0,64
738,CAMAE,250.4249175186314,5.999999999999908,128.57142857130165,0.0,0.0,64
739,CAMAE,229.23666561164347,5.976070998157609,120.0804214486675,0.023929001842298625,0.3690305409526384,56
740,CAMAE,250.4249175186314,5.999999999999908,128.57142857130165,0.023929001842298625,0.0,64
741,CAMAE,250.4249175186314,5.999999999999908,128.57142857130165,0.0,0.0,64
742,CAMAE,250.4249175186314,5.999999999999908,128.57142857130165,0.0,0.0,64
743,CAMAE,229.23666561162003,5.808995614696643,132.15905934082073,0.19100438530326436,1.1499953435656238,56
744,CAMAE,250.4249175186314,5.999999999999908,128.57142857130165,0.19100438530326436,0.0,64
745,CAMAE,250.4249175186314,5.999999999999908,128.57142857130165,0.0,0.0,64
746,CAMAE,250.4249175186314,5.999999999999908,128.57142857130165,0.0,0.0,64
747,CAMAE,250.4249175186314,5.999999999999908,128.57142857130165,0.0,0.0,64
748,CAMAE,250.4249175186314,5.999999999999908,128.57142857130165,0.0,0.0,64
749,CAMAE,250.4249175186314,5.999999999999908,128.57142857130165,0.0,0.0,64
750,CAMAE,250.4249175186314,5.999999999999908,128.57142857130165,0.0,0.0,64
751,CAMAE,250.4249175186314,5.999999999999908,128.57142857130165,0.0,0.0,64
752,CAMAE,250.4249175186314,5.999999999999908,128.57142857130165,0.0,0.0,64
753,CAMAE,250.4249175186314,5.999999999999908,128.57142857130165,0.0,0.0,64
754,CAMAE,250.4249175186314,5.999999999999908,128.57142857130165,0.0,0.0,64
755,CAMAE,250.4249175186314,5.999999999999908,128.57142857130165,0.0,0.0,64
756,CAMAE,250.4249175186314,5.999999999999908,128.57142857130165,0.0,0.0,64
757,CAMAE,250.4249175186314,5.999999999999908,128.57142857130165,0.0,0.0,64
758,CAMAE,250.4249175186314,5.999999999999908,128.57142857130165,0.0,0.0,64
759,CAMAE,250.4249175186314,5.999999999999908,128.57142857130165,0.0,0.0,64
760,CAMAE,250.4249175186314,5.999999999999908,128.57142857130165,0.0,0.0,64
761,CAMAE,250.4249175186314,5.999999999999908,128.57142857130165,0.0,0.0,64
762,CAMAE,250.4249175186314,5.999999999999908,128.57142857130165,0.0,0.0,64
763,CAMAE,250.4249175186314,5.999999999999908,128.57142857130165,0.0,0.0,64
764,CAMAE,250.4249175186314,5.999999999999908,128.57142857130165,0.0,0.0,64
765,CAMAE,229.236665611622,5.9982095391062265,110.37916395953866,0.0017904608936811783,0.26933344942535337,56
766,CAMAE,250.4249175186314,5.999999999999908,128.57142857130165,0.0017904608936811783,0.0,64
767,CAMAE,229.23666561162003,5.8982726995643,127.59039925200625,0.1017273004356074,0.5182381359249247,56
768,CAMAE,250.4249175186314,5.999999999999908,128.57142857130165,0.1017273004356074,0.0,64
769,CAMAE,250.4249175186314,5.999999999999908,128.57142857130165,0.0,0.0,64
770,CAMAE,250.4249175186314,5.999999999999908,128.57142857130165,0.0,0.0,64
771,CAMAE,250.4249175186314,5.999999999999908,128.57142857130165,0.0,0.0,64
772,CAMAE,250.4249175186314,5.999999999999908,128.57142857130165,0.0,0.0,64
773,CAMAE,250.4249175186314,5.999999999999908,128.57142857130165,0.0,0.0,64
774,CAMAE,250.4249175186314,5.999999999999908,128.57142857130165,0.0,0.0,64
775,CAMAE,250.4249175186314,5.999999999999908,128.57142857130165,0.0,0.0,64
776,CAMAE,250.4249175186314,5.999999999999908,128.57142857130165,0.0,0.0,64
777,CAMAE,250.4249175186314,5.999999999999908,128.57142857130165,0.0,0.0,64
778,CAMAE,250.4249175186314,5.999999999999908,128.57142857130165,0.0,0.0,64
779,CAMAE,250.4249175186314,5.999999999999908,128.57142857130165,0.0,0.0,64
780,CAMAE,250.4249175186314,5.999999999999908,128.57142857130165,0.0,0.0,64
781,CAMAE,250.4249175186314,5.999999999999908,128.57142857130165,0.0,0.0,64
782,CAMAE,250.4249175186314,5.999999999999908,128.57142857130165,0.0,0.0,64
783,CAMAE,250.4249175186314,5.999999999999908,128.57142857130165,0.0,0.0,64
784,CAMAE,250.4249175186314,5.999999999999908,128.57142857130165,0.0,0.0,64
785,CAMAE,250.4249175186314,5.999999999999908,128.57142857130165,0.0,0.0,64
786,CAMAE,250.4249175186314,5.999999999999908,128.57142857130165,0.0,0.0,64
787,CAMAE,250.4249175186314,5.999999999999908,128.57142857130165,0.0,0.0,64
788,CAMAE,250.4249175186314,5.999999999999908,128.57142857130165,0.0,0.0,64
789,CAMAE,229.23666561162,5.828088748495434,131.42039342824253,0.17191125150447384,0.7723569244116879,56
790,CAMAE,250.4249175186314,5.999999999999908,128.57142857130165,0.17191125150447384,0.0,64
791,CAMAE,250.4249175186314,5.999999999999908,128.57142857130165,0.0,0.0,64
792,CAMAE,250.4249175186314,5.999999999999908,128.57142857130165,0.0,0.0,64
793,CAMAE,250.4249175186314,5.999999999999908,128.57142857130165,0.0,0.0,64
794,CAMAE,250.4249175186314,5.999999999999908,128.57142857130165,0.0,0.0,64
795,CAMAE,250.4249175186314,5.999999999999908,128.57142857130165,0.0,0.0,64
796,CAMAE,250.4249175186314,5.999999999999908,128.57142857130165,0.0,0.0,64
797,CAMAE,250.4249175186314,5.999999999999908,128.57142857130165,0.0,0.0,64
798,CAMAE,250.4249175186314,5.999999999999908,128.57142857130165,0.0,0.0,64
799,CAMAE,250.4249175186314,5.999999999999908,128.57142857130165,0.0,0.0,64
800,CAMAE,250.4249175186314,5.999999999999908,128.57142857130165,0.0,0.0,64
801,CAMAE,250.4249175186314,5.999999999999908,128.57142857130165,0.0,0.0,64
802,CAMAE,250.4249175186314,5.999999999999908,128.57142857130165,0.0,0.0,64
803,CAMAE,229.23666561162,5.865429710375832,129.59234777300358,0.1345702896240759,0.6016653815592193,56
804,CAMAE,250.4249175186314,5.999999999999908,128.57142857130165,0.1345702896240759,0.0,64
805,CAMAE,250.4249175186314,5.999999999999908,128.57142857130165,0.0,0.0,64
806,CAMAE,229.23666561162156,5.994596875839807,116.14969168760922,0.005403124160100248,0.32264111775669707,56
807,CAMAE,250.4249175186314,5.999999999999908,128.57142857130165,0.005403124160100248,0.0,64
808,CAMAE,250.4249175186314,5.999999999999908,128.57142857130165,0.0,0.0,64
809,CAMAE,250.4249175186314,5.999999999999908,128.57142857130165,0.0,0.0,64
810,CAMAE,250.4249175186314,5.999999999999908,128.57142857130165,0.0,0.0,64
811,CAMAE,250.4249175186314,5.999999999999908,128.57142857130165,0.0,0.0,64
812,CAMAE,250.4249175186314,5.999999999999908,128.57142857130165,0.0,0.0,64
813,CAMAE,250.4249175186314,5.999999999999908,128.57142857130165,0.0,0.0,64
814,CAMAE,250.4249175186314,5.999999999999908,128.57142857130165,0.0,0.0,64
815,CAMAE,250.4249175186314,5.999999999999908,128.57142857130165,0.0,0.0,64
816,CAMAE,250.4249175186314,5.999999999999908,128.57142857130165,0.0,0.0,64
817,CAMAE,250.4249175186314,5.999999999999908,128.57142857130165,0.0,0.0,64
818,CAMAE,250.4249175186314,5.999999999999908,128.57142857130165,0.0,0.0,64
819,CAMAE,250.4249175186314,5.999999999999908,128.57142857130165,0.0,0.0,64
820,CAMAE,229.23666561162003,5.996324134628411,115.51682510059209,0.003675865371496556,0.3160954671504006,56
821,CAMAE,250.4249175186314,5.999999999999908,128.57142857130165,0.003675865371496556,0.0,64
822,CAMAE,250.4249175186314,5.999999999999908,128.57142857130165,0.0,0.0,64
823,CAMAE,250.4249175186314,5.999999999999908,128.57142857130165,0.0,0.0,64
824,CAMAE,250.4249175186314,5.999999999999908,128.57142857130165,0.0,0.0,64
825,CAMAE,250.4249175186314,5.999999999999908,128.57142857130165,0.0,0.0,64
826,CAMAE,250.4249175186314,5.999999999999908,128.57142857130165,0.0,0.0,64
827,CAMAE,250.4249175186314,5.999999999999908,128.57142857130165,0.0,0.0,64
828,CAMAE,250.4249175186314,5.999999999999908,128.57142857130165,0.0,0.0,64
829,CAMAE,250.4249175186314,5.999999999999908,128.57142857130165,0.0,0.0,64
830,CAMAE,250.4249175186314,5.999999999999908,128.57142857130165,0.0,0.0,64
831,CAMAE,250.4249175186314,5.999999999999908,128.57142857130165,0.0,0.0,64
832,CAMAE,229.2366656116202,5.999976344733036,112.75017795805657,2.3655266871536185e-05,0.28967386904871395,56
833,CAMAE,250.4249175186314,5.999999999999908,128.57142857130165,2.3655266871536185e-05,0.0,64
834,CAMAE,250.4249175186314,5.999999999999908,128.57142857130165,0.0,0.0,64
835,CAMAE,250.4249175186314,5.999999999999908,128.57142857130165,0.0,0.0,64
836,CAMAE,250.4249175186314,5.999999999999908,128.57142857130165,0.0,0.0,64
837,CAMAE,250.4249175186314,5.999999999999908,128.57142857130165,0.0,0.0,64
838,CAMAE,250.4249175186314,5.999999999999908,128.57142857130165,0.0,0.0,64
839,CAMAE,250.4249175186314,5.999999999999908,128.57142857130165,0.0,0.0,64
840,CAMAE,250.4249175186314,5.999999999999908,128.57142857130165,0.0,0.0,64
841,CAMAE,250.4249175186314,5.999999999999908,128.57142857130165,0.0,0.0,64
842,CAMAE,250.4249175186314,5.999999999999908,128.57142857130165,0.0,0.0,64
843,CAMAE,250.4249175186314,5.999999999999908,128.57142857130165,0.0,0.0,64
844,CAMAE,250.4249175186314,5.999999999999908,128.57142857130165,0.0,0.0,64
845,CAMAE,229.23666561162,5.813677517006272,131.99581006591805,0.18632248299363585,0.9535853065847536,56
846,CAMAE,250.4249175186314,5.999999999999908,128.57142857130165,0.18632248299363585,0.0,64
847,CAMAE,250.4249175186314,5.999999999999908,128.57142857130165,0.0,0.0,64
848,CAMAE,250.4249175186314,5.999999999999908,128.57142857130165,0.0,0.0,64
849,CAMAE,250.4249175186314,5.999999999999908,128.57142857130165,0.0,0.0,64
850,CAMAE,229.236665611622,5.999876905404998,111.95113546138427,0.0001230945949100004,0.28261050018716294,56
851,CAMAE,250.4249175186314,5.999999999999908,128.57142857130165,0.0001230945949100004,0.0,64
852,CAMAE,250.4249175186314,5.999999999999908,128.57142857130165,0.0,0.0,64
853,CAMAE,250.4249175186314,5.999999999999908,128.57142857130165,0.0,0.0,64
854,CAMAE,250.4249175186314,5.999999999999908,128.57142857130165,0.0,0.0,64
855,CAMAE,250.4249175186314,5.999999999999908,128.57142857130165,0.0,0.0,64
856,CAMAE,250.4249175186314,5.999999999999908,128.57142857130165,0.0,0.0,64
857,CAMAE,250.4249175186314,5.999999999999908,128.57142857130165,0.0,0.0,64
858,CAMAE,250.4249175186314,5.999999999999908,128.57142857130165,0.0,0.0,64
859,CAMAE,250.4249175186314,5.999999999999908,128.57142857130165,0.0,0.0,64
860,CAMAE,250.4249175186314,5.999999999999908,128.57142857130165,0.0,0.0,64
861,CAMAE,250.4249175186314,5.999999999999908,128.57142857130165,0.0,0.0,64
862,CAMAE,250.4249175186314,5.999999999999908,128.57142857130165,0.0,0.0,64
863,CAMAE,250.4249175186314,5.999999999999908,128.57142857130165,0.0,0.0,64
864,CAMAE,250.4249175186314,5.999999999999908,128.57142857130165,0.0,0.0,64
865,CAMAE,250.4249175186314,5.999999999999908,128.57142857130165,0.0,0.0,64
866,CAMAE,229.23666561162,5.895781061290901,127.75715662548728,0.10421893870900689,0.5237098724281228,56
867,CAMAE,250.4249175186314,5.999999999999908,128.57142857130165,0.10421893870900689,0.0,64
868,CAMAE,250.4249175186314,5.999999999999908,128.57142857130165,0.0,0.0,64
869,CAMAE,250.4249175186314,5.999999999999908,128.57142857130165,0.0,0.0,64
870,CAMAE,250.4249175186314,5.999999999999908,128.57142857130165,0.0,0.0,64
871,CAMAE,250.4249175186314,5.999999999999908,128.57142857130165,0.0,0.0,64
872,CAMAE,250.4249175186314,5.999999999999908,128.57142857130165,0.0,0.0,64
873,CAMAE,250.4249175186314,5.999999999999908,128.57142857130165,0.0,0.0,64
874,CAMAE,250.4249175186314,5.999999999999908,128.57142857130165,0.0,0.0,64
875,CAMAE,250.4249175186314,5.999999999999908,128.57142857130165,0.0,0.0,64
876,CAMAE,250.4249175186314,5.999999999999908,128.57142857130165,0.0,0.0,64
877,CAMAE,250.4249175186314,5.999999999999908,128.57142857130165,0.0,0.0,64
878,CAMAE,229.23666561162,5.9870731809552895,118.10906795554946,0.01292681904461812,0.34437965112159313,56
879,CAMAE,250.4249175186314,5.999999999999908,128.57142857130165,0.01292681904461812,0.0,64
880,CAMAE,229.2366656116247,5.978072730398732,119.76449941252015,0.02192726960117586,0.36485703874859426,56
881,CAMAE,250.4249175186314,5.999999999999908,128.57142857130165,0.02192726960117586,0.0,64
882,CAMAE,250.4249175186314,5.999999999999908,128.57142857130165,0.0,0.0,64
883,CAMAE,250.4249175186314,5.999999999999908,128.57142857130165,0.0,0.0,64
884,CAMAE,250.4249175186314,5.999999999999908,128.57142857130165,0.0,0.0,64
885,CAMAE,250.4249175186314,5.999999999999908,128.57142857130165,0.0,0.0,64
886,CAMAE,250.4249175186314,5.999999999999908,128.57142857130165,0.0,0.0,64
887,CAMAE,250.4249175186314,5.999999999999908,128.57142857130165,0.0,0.0,64
888,CAMAE,250.4249175186314,5.999999999999908,128.57142857130165,0.0,0.0,64
889,CAMAE,250.4249175186314,5.999999999999908,128.57142857130165,0.0,0.0,64
890,CAMAE,250.4249175186314,5.999999999999908,128.57142857130165,0.0,0.0,64
891,CAMAE,250.4249175186314,5.999999999999908,128.57142857130165,0.0,0.0,64
892,CAMAE,250.4249175186314,5.999999999999908,128.57142857130165,0.0,0.0,64
893,CAMAE,250.4249175186314,5.999999999999908,128.57142857130165,0.0,0.0,64
894,CAMAE,250.4249175186314,5.999999999999908,128.57142857130165,0.0,0.0,64
895,CAMAE,250.4249175186314,5.999999999999908,128.57142857130165,0.0,0.0,64
896,CAMAE,250.4249175186314,5.999999999999908,128.57142857130165,0.0,0.0,64
897,CAMAE,250.4249175186314,5.999999999999908,128.57142857130165,0.0,0.0,64
898,CAMAE,229.23666561162,5.9230556441185875,125.76645865392472,0.07694435588132009,0.468138418518914,56
899,CAMAE,250.4249175186314,5.999999999999908,128.57142857130165,0.07694435588132009,0.0,64
900,CAMAE,250.4249175186314,5.999999999999908,128.57142857130165,0.0,0.0,64
901,CAMAE,250.4249175186314,5.999999999999908,128.57142857130165,0.0,0.0,64
902,CAMAE,250.4249175186314,5.999999999999908,128.57142857130165,0.0,0.0,64
903,CAMAE,250.4249175186314,5.999999999999908,128.57142857130165,0.0,0.0,64
904,CAMAE,250.4249175186314,5.999999999999908,128.57142857130165,0.0,0.0,64
905,CAMAE,250.4249175186314,5.999999999999908,128.57142857130165,0.0,0.0,64
906,CAMAE,250.4249175186314,5.999999999999908,128.57142857130165,0.0,0.0,64
907,CAMAE,250.4249175186314,5.999999999999908,128.57142857130165,0.0,0.0,64
908,CAMAE,250.4249175186314,5.999999999999908,128.57142857130165,0.0,0.0,64
909,CAMAE,250.4249175186314,5.999999999999908,128.57142857130165,0.0,0.0,64
910,CAMAE,250.4249175186314,5.999999999999908,128.57142857130165,0.0,0.0,64
911,CAMAE,250.4249175186314,5.999999999999908,128.57142857130165,0.0,0.0,64
912,CAMAE,250.4249175186314,5.999999999999908,128.57142857130165,0.0,0.0,64
913,CAMAE,250.4249175186314,5.999999999999908,128.57142857130165,0.0,0.0,64
914,CAMAE,250.4249175186314,5.999999999999908,128.57142857130165,0.0,0.0,64
915,CAMAE,250.4249175186314,5.999999999999908,128.57142857130165,0.0,0.0,64
916,CAMAE,250.4249175186314,5.999999999999908,128.57142857130165,0.0,0.0,64
917,CAMAE,250.4249175186314,5.999999999999908,128.57142857130165,0.0,0.0,64
918,CAMAE,250.4249175186314,5.999999999999908,128.57142857130165,0.0,0.0,64
919,CAMAE,229.23666561162162,5.807364172998897,132.2097001916931,0.1926358270010109,1.8653948440656578,56
920,CAMAE,229.23666561162,5.973366899629024,120.48568838062809,0.16600272663012738,0.3745254872591768,56
921,CAMAE,250.4249175186314,5.999999999999908,128.57142857130165,0.02663310037088351,0.0,64
922,CAMAE,250.4249175186314,5.999999999999908,128.57142857130165,0.0,0.0,64
923,CAMAE,250.4249175186314,5.999999999999908,128.57142857130165,0.0,0.0,64
924,CAMAE,250.4249175186314,5.999999999999908,128.57142857130165,0.0,0.0,64
925,CAMAE,229.23666561162196,5.807354922057524,132.20994208526955,0.19264507794238384,7.220824127134841,56
926,CAMAE,250.4249175186314,5.999999999999908,128.57142857130165,0.19264507794238384,0.0,64
927,CAMAE,250.4249175186314,5.999999999999908,128.57142857130165,0.0,0.0,64
928,CAMAE,250.4249175186314,5.999999999999908,128.57142857130165,0.0,0.0,64
929,CAMAE,250.4249175186314,5.999999999999908,128.57142857130165,0.0,0.0,64
930,CAMAE,250.4249175186314,5.999999999999908,128.57142857130165,0.0,0.0,64
931,CAMAE,229.23666561162196,5.807354938118605,132.2099417011275,0.19264506188130248,2.7102659008098913,56
932,CAMAE,250.4249175186314,5.999999999999908,128.57142857130165,0.19264506188130248,0.0,64
933,CAMAE,250.4249175186314,5.999999999999908,128.57142857130165,0.0,0.0,64
934,CAMAE,250.4249175186314,5.999999999999908,128.57142857130165,0.0,0.0,64
935,CAMAE,250.4249175186314,5.999999999999908,128.57142857130165,0.0,0.0,64
936,CAMAE,250.4249175186314,5.999999999999908,128.57142857130165,0.0,0.0,64
937,CAMAE,250.4249175186314,5.999999999999908,128.57142857130165,0.0,0.0,64
938,CAMAE,250.4249175186314,5.999999999999908,128.57142857130165,0.0,0.0,64
939,CAMAE,250.4249175186314,5.999999999999908,128.57142857130165,0.0,0.0,64
940,CAMAE,250.4249175186314,5.999999999999908,128.57142857130165,0.0,0.0,64
941,CAMAE,229.23666561162113,5.998344482098055,114.53223380150216,0.0016555179018524768,0.3063088633218313,56
942,CAMAE,250.4249175186314,5.999999999999908,128.57142857130165,0.0016555179018524768,0.0,64
943,CAMAE,250.4249175186314,5.999999999999908,128.57142857130165,0.0,0.0,64
944,CAMAE,250.4249175186314,5.999999999999908,128.57142857130165,0.0,0.0,64
945,CAMAE,250.4249175186314,5.999999999999908,128.57142857130165,0.0,0.0,64
946,CAMAE,250.4249175186314,5.999999999999908,128.57142857130165,0.0,0.0,64
947,CAMAE,250.4249175186314,5.999999999999908,128.57142857130165,0.0,0.0,64
948,CAMAE,250.4249175186314,5.999999999999908,128.57142857130165,0.0,0.0,64
949,CAMAE,250.4249175186314,5.999999999999908,128.57142857130165,0.0,0.0,64
950,CAMAE,250.4249175186314,5.999999999999908,128.57142857130165,0.0,0.0,64
951,CAMAE,250.4249175186314,5.999999999999908,128.57142857130165,0.0,0.0,64
952,CAMAE,250.4249175186314,5.999999999999908,128.57142857130165,0.0,0.0,64
953,CAMAE,229.23666561162,5.899677337615449,127.49518613537109,0.10032266238445864,0.5151968818541679,56
954,CAMAE,229.23666561162,5.971605748070951,120.73793287924562,0.07192841045550225,0.37803020304796575,56
955,CAMAE,250.4249175186314,5.999999999999908,128.57142857130165,0.028394251928956393,0.0,64
956,CAMAE,250.4249175186314,5.999999999999908,128.57142857130165,0.0,0.0,64
957,CAMAE,229.23666561162003,5.807910989763746,132.1935605539357,0.19208901023616143,1.3032936352040754,56
958,CAMAE,250.4249175186314,5.999999999999908,128.57142857130165,0.19208901023616143,0.0,64
959,CAMAE,250.4249175186314,5.999999999999908,128.57142857130165,0.0,0.0,64
960,CAMAE,250.4249175186314,5.999999999999908,128.57142857130165,0.0,0.0,64
961,CAMAE,229.23666561162003,5.995679547822036,115.76781709005316,0.004320452177871914,0.31866634868796206,56
962,CAMAE,229.23666561162196,5.995951746446688,109.29954700901077,0.0002721986246525532,0.2606396960762076,56
963,CAMAE,250.4249175186314,5.999999999999908,128.57142857130165,0.004048253553219361,0.0,64
964,CAMAE,250.4249175186314,5.999999999999908,128.57142857130165,0.0,0.0,64
965,CAMAE,250.4249175186314,5.999999999999908,128.57142857130165,0.0,0.0,64
966,CAMAE,250.4249175186314,5.999999999999908,128.57142857130165,0.0,0.0,64
967,CAMAE,250.4249175186314,5.999999999999908,128.57142857130165,0.0,0.0,64
968,CAMAE,229.23666561165044,5.942825658633932,124.0339944795743,0.05717434136597532,0.4315313662428605,56
969,CAMAE,250.4249175186314,5.999999999999908,128.57142857130165,0.05717434136597532,0.0,64
970,CAMAE,250.4249175186314,5.999999999999908,128.57142857130165,0.0,0.0,64
971,CAMAE,250.4249175186314,5.999999999999908,128.57142857130165,0.0,0.0,64
972,CAMAE,250.4249175186314,5.999999999999908,128.57142857130165,0.0,0.0,64
973,CAMAE,250.4249175186314,5.999999999999908,128.57142857130165,0.0,0.0,64
974,CAMAE,250.4249175186314,5.999999999999908,128.57142857130165,0.0,0.0,64
975,CAMAE,250.4249175186314,5.999999999999908,128.57142857130165,0.0,0.0,64
976,CAMAE,250.4249175186314,5.999999999999908,128.57142857130165,0.0,0.0,64
977,CAMAE,250.4249175186314,5.999999999999908,128.57142857130165,0.0,0.0,64
978,CAMAE,250.4249175186314,5.999999999999908,128.57142857130165,0.0,0.0,64
979,CAMAE,250.4249175186314,5.999999999999908,128.57142857130165,0.0,0.0,64
980,CAMAE,250.4249175186314,5.999999999999908,128.57142857130165,0.0,0.0,64
981,CAMAE,250.4249175186314,5.999999999999908,128.57142857130165,0.0,0.0,64
982,CAMAE,250.4249175186314,5.999999999999908,128.57142857130165,0.0,0.0,64
983,CAMAE,250.4249175186314,5.999999999999908,128.57142857130165,0.0,0.0,64
984,CAMAE,250.4249175186314,5.999999999999908,128.57142857130165,0.0,0.0,64
985,CAMAE,250.4249175186314,5.999999999999908,128.57142857130165,0.0,0.0,64
986,CAMAE,250.4249175186314,5.999999999999908,128.57142857130165,0.0,0.0,64
987,CAMAE,250.4249175186314,5.999999999999908,128.57142857130165,0.0,0.0,64
988,CAMAE,250.4249175186314,5.999999999999908,128.57142857130165,0.0,0.0,64
989,CAMAE,229.23666561162196,5.9922795967973945,108.06540417462723,0.007720403202513104,0.2510769908283157,56
990,CAMAE,250.4249175186314,5.999999999999908,128.57142857130165,0.007720403202513104,0.0,64
991,CAMAE,250.4249175186314,5.999999999999908,128.57142857130165,0.0,0.0,64
992,CAMAE,250.4249175186314,5.999999999999908,128.57142857130165,0.0,0.0,64
993,CAMAE,229.23666561162,5.809581736830787,132.13968777407914,0.19041826316912047,1.1061264414126157,56
994,CAMAE,250.4249175186314,5.999999999999908,128.57142857130165,0.19041826316912047,0.0,64
995,CAMAE,229.23666561162196,5.9981382512822226,110.33700566865788,0.0018617487176850744,0.26898780514398934,56
996,CAMAE,250.4249175186314,5.999999999999908,128.57142857130165,0.0018617487176850744,0.0,64
997,CAMAE,250.4249175186314,5.999999999999908,128.57142857130165,0.0,0.0,64
998,CAMAE,250.4249175186314,5.999999999999908,128.57142857130165,0.0,0.0,64
999,CAMAE,250.4249175186314,5.999999999999908,128.57142857130165,0.0,0.0,64
